1,0.26555253069634616,0,568630703,staging,payment_service-0041,235,2026-06-05 05:03:37.270420
2,0.81779308070136,0,404085157,production,api_gateway-3301,264,2026-06-05 05:04:37.270420
3,0.40257107593843583,0,533913256,staging,payment_service-0041,72,2026-06-05 05:05:37.270420
4,0.49724774799526866,0,494183920,production,payment_service-4401,105,2026-06-05 05:06:37.270420
5,0.5649226453729208,0,402764775,production,api_gateway-3301,172,2026-06-05 05:07:37.270420
6,0.3668018729453138,0,298528400,production,payment_service-4401,27,2026-06-05 05:08:37.270420
7,0.4728316281830782,0,535097344,staging,api_gateway-0021,241,2026-06-05 05:09:37.270420
8,0.12496877419884017,0,521733635,production,api_gateway-3301,100,2026-06-05 05:10:37.270420
9,0.6041289172870612,0,584131660,staging,api_gateway-0021,111,2026-06-05 05:11:37.270420
10,0.5532117435823166,0,384153110,production,api_gateway-3301,79,2026-06-05 05:12:37.270420
11,0.9096106813566301,0,675189338,production,api_gateway-3301,260,2026-06-05 05:13:37.270420
12,0.6095198781123915,0,786059006,staging,api_gateway-0021,42,2026-06-05 05:14:37.270420
13,0.6682303217934759,0,776702594,production,api_gateway-3301,60,2026-06-05 05:15:37.270420
14,0.5858795500016107,2,479158227,production,api_gateway-3301,50,2026-06-05 05:16:37.270420
15,0.8655529042229235,4,607345373,production,payment_service-4401,235,2026-06-05 05:17:37.270420
16,0.08554342116880867,0,679442654,production,payment_service-4401,0,2026-06-05 05:18:37.270420
17,0.9311110499129509,3,560072069,staging,payment_service-0041,195,2026-06-05 05:19:37.270420
18,0.28721327644507344,0,413474002,staging,api_gateway-0021,19,2026-06-05 05:20:37.270420
19,0.7758736059289171,3,761828418,production,api_gateway-3301,12,2026-06-05 05:21:37.270420
20,0.5581971154899846,0,644839857,production,payment_service-4401,246,2026-06-05 05:22:37.270420
21,0.4950225907916468,0,730228559,staging,api_gateway-0021,256,2026-06-05 05:23:37.270420
22,0.5932506802282873,0,274343422,staging,api_gateway-0021,194,2026-06-05 05:24:37.270420
23,0.8420437733276468,0,512898848,staging,payment_service-0041,193,2026-06-05 05:25:37.270420
24,0.8264198173423493,0,611901859,staging,api_gateway-0021,67,2026-06-05 05:26:37.270420
25,0.15688129857732003,0,342840567,staging,api_gateway-0021,73,2026-06-05 05:27:37.270420
26,0.746704250389193,0,287231081,production,payment_service-4401,11,2026-06-05 05:28:37.270420
27,0.13094396823416615,0,412017725,production,api_gateway-3301,198,2026-06-05 05:29:37.270420
28,0.7708067509505648,0,719526697,production,api_gateway-3301,275,2026-06-05 05:30:37.270420
29,0.4227449868749092,0,455461878,staging,payment_service-0041,297,2026-06-05 05:31:37.270420
30,0.5937849456864763,0,301956812,production,api_gateway-3301,35,2026-06-05 05:32:37.270420
31,0.27567746957171146,3,502968418,production,api_gateway-3301,136,2026-06-05 05:33:37.270420
32,0.7628374527816195,0,329230241,staging,payment_service-0041,215,2026-06-05 05:34:37.270420
33,0.8206858136312818,0,694385049,staging,payment_service-0041,66,2026-06-05 05:35:37.270420
34,0.5396695033618196,2,438474879,staging,api_gateway-0021,273,2026-06-05 05:36:37.270420
35,0.41075407657759944,0,552176538,production,api_gateway-3301,218,2026-06-05 05:37:37.270420
36,0.7405938985687623,0,612915925,staging,payment_service-0041,144,2026-06-05 05:38:37.270420
37,0.27082499613242067,0,704914400,production,payment_service-4401,230,2026-06-05 05:39:37.270420
38,0.33759933103648954,0,369972898,staging,api_gateway-0021,190,2026-06-05 05:40:37.270420
39,0.5469023987172149,0,666074403,production,api_gateway-3301,290,2026-06-05 05:41:37.270420
40,0.899886974950114,0,474358731,staging,api_gateway-0021,154,2026-06-05 05:42:37.270420
41,0.4016137240567305,0,653104069,production,payment_service-4401,125,2026-06-05 05:43:37.270420
42,0.8134110773663068,0,344479273,staging,payment_service-0041,88,2026-06-05 05:44:37.270420
43,0.5612472323175812,0,546251873,production,api_gateway-3301,88,2026-06-05 05:45:37.270420
44,0.2550591667006876,0,608043025,staging,api_gateway-0021,230,2026-06-05 05:46:37.270420
45,0.12161758243370502,0,305334853,staging,payment_service-0041,157,2026-06-05 05:47:37.270420
46,0.12167955626372215,0,707993143,staging,payment_service-0041,263,2026-06-05 05:48:37.270420
47,0.1990537126458577,1,519850221,production,api_gateway-3301,123,2026-06-05 05:49:37.270420
48,0.49875992683854936,0,333157118,production,api_gateway-3301,137,2026-06-05 05:50:37.270420
49,0.8860978864391881,0,670147173,production,payment_service-4401,14,2026-06-05 05:51:37.270420
50,0.4548411483382438,0,725963173,production,api_gateway-3301,60,2026-06-05 05:52:37.270420
51,0.7242812055712257,0,455627999,production,payment_service-4401,151,2026-06-05 05:53:37.270420
52,0.08543830817740414,3,314924881,staging,api_gateway-0021,279,2026-06-05 05:54:37.270420
53,0.7795379119412794,0,521647727,production,payment_service-4401,234,2026-06-05 05:55:37.270420
54,0.5847094719643865,0,585416991,production,api_gateway-3301,45,2026-06-05 05:56:37.270420
55,0.16247824479334205,0,764602900,staging,api_gateway-0021,86,2026-06-05 05:57:37.270420
56,0.4789646037763692,0,594022212,production,api_gateway-3301,15,2026-06-05 05:58:37.270420
57,0.11249238708889348,2,317189589,staging,api_gateway-0021,9,2026-06-05 05:59:37.270420
58,0.45864743192685936,0,434515549,staging,payment_service-0041,10,2026-06-05 06:00:37.270420
59,0.9321624191149983,0,318755816,staging,api_gateway-0021,155,2026-06-05 06:01:37.270420
60,0.6091229237039333,0,610609271,staging,api_gateway-0021,212,2026-06-05 06:02:37.270420
61,0.5082924345542693,0,784635011,production,api_gateway-3301,125,2026-06-05 06:03:37.270420
62,0.9345961259861089,0,764158092,staging,payment_service-0041,125,2026-06-05 06:04:37.270420
63,0.6987846458496795,0,272183509,staging,api_gateway-0021,253,2026-06-05 06:05:37.270420
64,0.08711467151420128,0,795731772,production,api_gateway-3301,274,2026-06-05 06:06:37.270420
65,0.6870799596185545,0,349070729,staging,api_gateway-0021,130,2026-06-05 06:07:37.270420
66,0.7889772355544219,0,420603039,staging,api_gateway-0021,180,2026-06-05 06:08:37.270420
67,0.13072528466089922,0,554928550,staging,api_gateway-0021,286,2026-06-05 06:09:37.270420
68,0.3333959257092628,0,292341484,production,payment_service-4401,131,2026-06-05 06:10:37.270420
69,0.942071134930039,0,378791299,staging,api_gateway-0021,107,2026-06-05 06:11:37.270420
70,0.13695580169551808,1,773246187,production,api_gateway-3301,215,2026-06-05 06:12:37.270420
71,0.20337957271803664,0,390734974,production,payment_service-4401,17,2026-06-05 06:13:37.270420
72,0.3453200787667189,4,679845371,production,payment_service-4401,126,2026-06-05 06:14:37.270420
73,0.7954888722677799,0,498084192,production,api_gateway-3301,33,2026-06-05 06:15:37.270420
74,0.14300388009251644,0,756064474,production,payment_service-4401,293,2026-06-05 06:16:37.270420
75,0.41889150905164274,3,294039950,staging,payment_service-0041,17,2026-06-05 06:17:37.270420
76,0.37366693654762795,0,401624775,production,payment_service-4401,52,2026-06-05 06:18:37.270420
77,0.7482855218265494,2,328557347,staging,api_gateway-0021,180,2026-06-05 06:19:37.270420
78,0.9058934278982416,0,691197171,production,payment_service-4401,288,2026-06-05 06:20:37.270420
79,0.06162629823834605,0,324590733,staging,api_gateway-0021,236,2026-06-05 06:21:37.270420
80,0.44422930120367676,0,626867401,staging,api_gateway-0021,291,2026-06-05 06:22:37.270420
81,0.3240192950536685,0,514760442,staging,payment_service-0041,247,2026-06-05 06:23:37.270420
82,0.3507619009604818,0,366974415,production,api_gateway-3301,1,2026-06-05 06:24:37.270420
83,0.07089197991421625,0,688736119,staging,api_gateway-0021,65,2026-06-05 06:25:37.270420
84,0.7266456437258942,4,688832492,staging,api_gateway-0021,44,2026-06-05 06:26:37.270420
85,0.8201780168753888,0,595664731,production,payment_service-4401,34,2026-06-05 06:27:37.270420
86,0.774634513673264,0,759566924,production,payment_service-4401,264,2026-06-05 06:28:37.270420
87,0.9487807680977075,0,611238930,staging,payment_service-0041,83,2026-06-05 06:29:37.270420
88,0.4914935605318844,0,799833158,production,api_gateway-3301,89,2026-06-05 06:30:37.270420
89,0.49062535451341854,2,693367291,staging,payment_service-0041,156,2026-06-05 06:31:37.270420
90,0.6144014919531153,0,576111179,production,payment_service-4401,8,2026-06-05 06:32:37.270420
91,0.9344231027617628,2,451219802,staging,api_gateway-0021,36,2026-06-05 06:33:37.270420
92,0.055654619935427065,0,427416140,staging,payment_service-0041,270,2026-06-05 06:34:37.270420
93,0.6601406837915165,0,671050935,staging,api_gateway-0021,201,2026-06-05 06:35:37.270420
94,0.4568552055186872,0,313701632,production,payment_service-4401,130,2026-06-05 06:36:37.270420
95,0.14204267348377014,4,654664305,production,api_gateway-3301,151,2026-06-05 06:37:37.270420
96,0.12672351956941783,1,361177977,production,api_gateway-3301,217,2026-06-05 06:38:37.270420
97,0.9081734473113415,0,524107849,staging,payment_service-0041,124,2026-06-05 06:39:37.270420
98,0.36919015481545603,0,610071696,production,payment_service-4401,198,2026-06-05 06:40:37.270420
99,0.49620852104703084,1,501651515,production,payment_service-4401,102,2026-06-05 06:41:37.270420
100,0.5555567841757024,0,600223841,staging,api_gateway-0021,295,2026-06-05 06:42:37.270420
101,0.15379537530858214,0,664934169,production,api_gateway-3301,48,2026-06-05 06:43:37.270420
102,0.7115343250504034,0,700952300,production,payment_service-4401,291,2026-06-05 06:44:37.270420
103,0.21704652871461155,0,478789065,staging,payment_service-0041,176,2026-06-05 06:45:37.270420
104,0.46047635273976856,0,318047586,production,api_gateway-3301,32,2026-06-05 06:46:37.270420
105,0.9056716528317804,0,295047197,production,api_gateway-3301,190,2026-06-05 06:47:37.270420
106,0.17064002583956017,3,401300992,staging,payment_service-0041,225,2026-06-05 06:48:37.270420
107,0.7746348026482931,0,323607692,production,api_gateway-3301,205,2026-06-05 06:49:37.270420
108,0.9123182443649652,0,424188783,staging,api_gateway-0021,17,2026-06-05 06:50:37.270420
109,0.32281318158423244,2,772808927,staging,api_gateway-0021,11,2026-06-05 06:51:37.270420
110,0.7676284086601213,0,487765104,production,api_gateway-3301,164,2026-06-05 06:52:37.270420
111,0.3626877940375985,0,339963686,production,payment_service-4401,241,2026-06-05 06:53:37.270420
112,0.6646969464238764,0,580187772,production,api_gateway-3301,204,2026-06-05 06:54:37.270420
113,0.7520666684472137,0,308432383,production,payment_service-4401,100,2026-06-05 06:55:37.270420
114,0.558618576746445,0,656222019,staging,payment_service-0041,50,2026-06-05 06:56:37.270420
115,0.34372960627107507,0,469674734,staging,payment_service-0041,8,2026-06-05 06:57:37.270420
116,0.0852885109348397,0,490424516,staging,payment_service-0041,259,2026-06-05 06:58:37.270420
117,0.22493811366661848,0,502445974,production,api_gateway-3301,186,2026-06-05 06:59:37.270420
118,0.21994855584012757,0,308668530,staging,api_gateway-0021,102,2026-06-05 07:00:37.270420
119,0.13301781441673316,3,671632284,production,payment_service-4401,241,2026-06-05 07:01:37.270420
120,0.23726636374974291,0,482540858,staging,api_gateway-0021,204,2026-06-05 07:02:37.270420
121,0.33747703260844475,0,269855142,staging,payment_service-0041,42,2026-06-05 07:03:37.270420
122,0.45241251967725454,2,650652441,production,api_gateway-3301,251,2026-06-05 07:04:07.141710
123,0.6778469453906111,4,315073326,production,api_gateway-3301,184,2026-06-05 05:04:26.858244
124,0.8533525801394042,0,788344667,production,api_gateway-3301,230,2026-06-05 05:05:26.858244
125,0.16804075589522974,0,655072748,production,payment_service-4401,89,2026-06-05 05:06:26.858244
126,0.7457649724518625,0,709983538,staging,api_gateway-0021,93,2026-06-05 05:07:26.858244
127,0.15508012321251763,0,789141051,staging,payment_service-0041,236,2026-06-05 05:08:26.858244
128,0.5675148099210581,0,755753883,staging,payment_service-0041,256,2026-06-05 05:09:26.858244
129,0.13585899091118234,0,526430348,staging,payment_service-0041,203,2026-06-05 05:10:26.858244
130,0.7029706516026208,0,632831443,production,payment_service-4401,82,2026-06-05 05:11:26.858244
131,0.07696994935569068,3,443090269,production,api_gateway-3301,54,2026-06-05 05:12:26.858244
132,0.1433856070231912,0,782602946,staging,payment_service-0041,53,2026-06-05 05:13:26.858244
133,0.7108249544008385,0,547077379,production,payment_service-4401,51,2026-06-05 05:14:26.858244
134,0.839699030964608,0,384517546,staging,payment_service-0041,124,2026-06-05 05:15:26.858244
135,0.3411422211278545,2,686074417,production,payment_service-4401,206,2026-06-05 05:16:26.858244
136,0.7617946925121872,0,762024118,production,api_gateway-3301,132,2026-06-05 05:17:26.858244
137,0.6842775271865355,2,734911468,production,api_gateway-3301,205,2026-06-05 05:18:26.858244
138,0.6790212759200832,0,648212828,staging,payment_service-0041,147,2026-06-05 05:19:26.858244
139,0.5289103722751801,0,345145062,production,payment_service-4401,95,2026-06-05 05:20:26.858244
140,0.5044835327621202,0,282972651,staging,payment_service-0041,180,2026-06-05 05:21:26.858244
141,0.09497697897453541,0,545426081,production,api_gateway-3301,244,2026-06-05 05:22:26.858244
142,0.5010900229703651,1,739416694,staging,payment_service-0041,244,2026-06-05 05:23:26.858244
143,0.8813749572774647,0,718783406,staging,api_gateway-0021,256,2026-06-05 05:24:26.858244
144,0.32306319617201823,0,793654558,staging,api_gateway-0021,283,2026-06-05 05:25:26.858244
145,0.7238996543842481,0,386651881,production,payment_service-4401,273,2026-06-05 05:26:26.858244
146,0.2058402027814596,1,450007274,production,api_gateway-3301,226,2026-06-05 05:27:26.858244
147,0.211596203434693,0,423088146,production,api_gateway-3301,230,2026-06-05 05:28:26.858244
148,0.2005262836551729,0,725774510,staging,payment_service-0041,45,2026-06-05 05:29:26.858244
149,0.462632727106181,0,559672719,production,payment_service-4401,232,2026-06-05 05:30:26.858244
150,0.7969513293279803,0,783867366,production,payment_service-4401,287,2026-06-05 05:31:26.858244
151,0.35059141000772076,0,378890014,production,payment_service-4401,195,2026-06-05 05:32:26.858244
152,0.15219828648081912,0,683981821,staging,payment_service-0041,83,2026-06-05 05:33:26.858244
153,0.5119884433398022,0,557671836,production,api_gateway-3301,86,2026-06-05 05:34:26.858244
154,0.8323447366234474,0,322679574,staging,payment_service-0041,96,2026-06-05 05:35:26.858244
155,0.05149093222217563,0,456458329,staging,payment_service-0041,176,2026-06-05 05:36:26.858244
156,0.48079048941517644,0,597665605,production,api_gateway-3301,169,2026-06-05 05:37:26.858244
157,0.6764659871474938,0,423020190,production,payment_service-4401,105,2026-06-05 05:38:26.858244
158,0.42752441551420095,4,689190295,production,api_gateway-3301,257,2026-06-05 05:39:26.858244
159,0.36335618983657036,0,540933217,staging,payment_service-0041,92,2026-06-05 05:40:26.858244
160,0.8360736161089958,0,436465021,staging,api_gateway-0021,26,2026-06-05 05:41:26.858244
161,0.7415682230271242,0,799288626,staging,payment_service-0041,216,2026-06-05 05:42:26.858244
162,0.30415386162287866,0,712689138,production,api_gateway-3301,249,2026-06-05 05:43:26.858244
163,0.633431406012283,2,377124300,production,api_gateway-3301,268,2026-06-05 05:44:26.858244
164,0.3281980803307589,3,659810954,staging,payment_service-0041,295,2026-06-05 05:45:26.858244
165,0.35886061922661283,0,317506503,production,payment_service-4401,189,2026-06-05 05:46:26.858244
166,0.28744911096423276,0,604553710,staging,api_gateway-0021,225,2026-06-05 05:47:26.858244
167,0.7303431163464885,0,752585704,production,payment_service-4401,22,2026-06-05 05:48:26.858244
168,0.0904000787453821,0,416567951,production,payment_service-4401,141,2026-06-05 05:49:26.858244
169,0.7124009356836986,0,655706497,production,payment_service-4401,299,2026-06-05 05:50:26.858244
170,0.1872776102947164,0,697912704,staging,payment_service-0041,9,2026-06-05 05:51:26.858244
171,0.9220410098536522,0,537460369,staging,api_gateway-0021,263,2026-06-05 05:52:26.858244
172,0.11781995180969991,0,321883194,staging,api_gateway-0021,220,2026-06-05 05:53:26.858244
173,0.47929626136982123,0,540518503,staging,api_gateway-0021,134,2026-06-05 05:54:26.858244
174,0.3367587524674115,0,538984441,production,payment_service-4401,266,2026-06-05 05:55:26.858244
175,0.9247241907291981,0,690900443,production,api_gateway-3301,65,2026-06-05 05:56:26.858244
176,0.8152424067327119,0,360689955,production,api_gateway-3301,70,2026-06-05 05:57:26.858244
177,0.7007819705317233,0,402793587,production,api_gateway-3301,17,2026-06-05 05:58:26.858244
178,0.28032156119112106,0,594838265,staging,api_gateway-0021,83,2026-06-05 05:59:26.858244
179,0.259299754226521,0,743554359,staging,api_gateway-0021,234,2026-06-05 06:00:26.858244
180,0.19017516931218792,0,437343667,production,payment_service-4401,15,2026-06-05 06:01:26.858244
181,0.11207630716520467,0,795223721,production,api_gateway-3301,92,2026-06-05 06:02:26.858244
182,0.9248278264829111,0,442919622,production,payment_service-4401,35,2026-06-05 06:03:26.858244
183,0.6672049571758182,0,428056513,staging,api_gateway-0021,291,2026-06-05 06:04:26.858244
184,0.6157534078562968,0,443768229,production,api_gateway-3301,76,2026-06-05 06:05:26.858244
185,0.1945547773943353,0,539405752,production,api_gateway-3301,53,2026-06-05 06:06:26.858244
186,0.266802580543253,0,387024415,staging,payment_service-0041,213,2026-06-05 06:07:26.858244
187,0.20915372563053986,0,286924401,production,api_gateway-3301,145,2026-06-05 06:08:26.858244
188,0.2867071895413345,2,643210862,production,payment_service-4401,197,2026-06-05 06:09:26.858244
189,0.30493732152373354,3,520466634,production,api_gateway-3301,117,2026-06-05 06:10:26.858244
190,0.7679343233731976,0,789370974,staging,api_gateway-0021,280,2026-06-05 06:11:26.858244
191,0.7330006854154244,0,580361372,production,api_gateway-3301,259,2026-06-05 06:12:26.858244
192,0.853064742536886,0,731614947,production,payment_service-4401,71,2026-06-05 06:13:26.858244
193,0.917701249349762,0,736951975,staging,payment_service-0041,206,2026-06-05 06:14:26.858244
194,0.899147290878994,4,741228293,staging,payment_service-0041,292,2026-06-05 06:15:26.858244
195,0.7711916251505656,0,477667380,staging,api_gateway-0021,262,2026-06-05 06:16:26.858244
196,0.5921505978180711,0,410434784,staging,api_gateway-0021,281,2026-06-05 06:17:26.858244
197,0.5937551627273343,0,322478742,production,api_gateway-3301,16,2026-06-05 06:18:26.858244
198,0.12056688757550606,0,463971418,staging,payment_service-0041,73,2026-06-05 06:19:26.858244
199,0.22116049238038377,0,421014162,staging,payment_service-0041,53,2026-06-05 06:20:26.858244
200,0.8945324507875863,0,648103371,production,api_gateway-3301,221,2026-06-05 06:21:26.858244
201,0.7629517401911383,0,480730636,staging,payment_service-0041,99,2026-06-05 06:22:26.858244
202,0.7903045194734502,0,637370285,production,api_gateway-3301,218,2026-06-05 06:23:26.858244
203,0.07714740986605328,0,676179104,staging,payment_service-0041,229,2026-06-05 06:24:26.858244
204,0.08977304124672741,3,711564864,production,api_gateway-3301,8,2026-06-05 06:25:26.858244
205,0.314398939173475,0,376465278,production,payment_service-4401,127,2026-06-05 06:26:26.858244
206,0.6328329306455414,0,442360168,production,api_gateway-3301,239,2026-06-05 06:27:26.858244
207,0.6336115820642867,0,335619663,staging,payment_service-0041,60,2026-06-05 06:28:26.858244
208,0.73884618000296,0,415721689,staging,payment_service-0041,178,2026-06-05 06:29:26.858244
209,0.06761378273596702,0,581792383,staging,payment_service-0041,232,2026-06-05 06:30:26.858244
210,0.512308244042528,0,273206287,production,payment_service-4401,186,2026-06-05 06:31:26.858244
211,0.8927119489126234,0,718763012,production,api_gateway-3301,45,2026-06-05 06:32:26.858244
212,0.2724464891025735,2,654980315,production,api_gateway-3301,134,2026-06-05 06:33:26.858244
213,0.5396084997185894,0,775650251,staging,payment_service-0041,104,2026-06-05 06:34:26.858244
214,0.680639904454279,0,511971068,staging,payment_service-0041,95,2026-06-05 06:35:26.858244
215,0.1765208958718989,0,316285722,production,payment_service-4401,35,2026-06-05 06:36:26.858244
216,0.8365712695394701,0,452420846,production,api_gateway-3301,72,2026-06-05 06:37:26.858244
217,0.9375939660773157,0,512757629,staging,payment_service-0041,215,2026-06-05 06:38:26.858244
218,0.6149474318656354,0,626982191,production,payment_service-4401,181,2026-06-05 06:39:26.858244
219,0.6130103764264558,0,802546774,production,api_gateway-3301,50,2026-06-05 06:40:26.858244
220,0.2673277119308218,0,733643893,production,payment_service-4401,174,2026-06-05 06:41:26.858244
221,0.115593645394252,0,523628413,staging,api_gateway-0021,210,2026-06-05 06:42:26.858244
222,0.7592128260279062,0,765008395,production,payment_service-4401,116,2026-06-05 06:43:26.858244
223,0.8125966656876609,1,294767029,staging,payment_service-0041,206,2026-06-05 06:44:26.858244
224,0.8563235790614955,0,511855455,staging,api_gateway-0021,76,2026-06-05 06:45:26.858244
225,0.1738121146868415,0,386570115,staging,api_gateway-0021,141,2026-06-05 06:46:26.858244
226,0.5664719688038463,0,650332984,staging,api_gateway-0021,116,2026-06-05 06:47:26.858244
227,0.3520946024639349,0,513615480,staging,api_gateway-0021,197,2026-06-05 06:48:26.858244
228,0.09926501647961697,0,299529308,staging,api_gateway-0021,14,2026-06-05 06:49:26.858244
229,0.829850871829787,0,688552754,production,api_gateway-3301,96,2026-06-05 06:50:26.858244
230,0.8465582340228588,0,787243885,staging,api_gateway-0021,35,2026-06-05 06:51:26.858244
231,0.5586927372332778,3,363251759,production,payment_service-4401,101,2026-06-05 06:52:26.858244
232,0.1355164621719424,0,329171888,production,payment_service-4401,194,2026-06-05 06:53:26.858244
233,0.29918717281830753,0,317437492,production,payment_service-4401,221,2026-06-05 06:54:26.858244
234,0.5408793836658458,0,729440794,staging,api_gateway-0021,296,2026-06-05 06:55:26.858244
235,0.2915452872794269,0,393543475,production,payment_service-4401,236,2026-06-05 06:56:26.858244
236,0.9064264172107506,0,709662800,production,payment_service-4401,105,2026-06-05 06:57:26.858244
237,0.8220267340790781,0,448698734,production,api_gateway-3301,260,2026-06-05 06:58:26.858244
238,0.3903869190653884,0,675195675,staging,api_gateway-0021,52,2026-06-05 06:59:26.858244
239,0.6995163436104757,4,455017304,production,api_gateway-3301,213,2026-06-05 07:00:26.858244
240,0.6964667274307047,0,362362224,staging,api_gateway-0021,48,2026-06-05 07:01:26.858244
241,0.21538055605370449,0,311365343,staging,payment_service-0041,80,2026-06-05 07:02:26.858244
242,0.6705742089746811,0,778948171,production,api_gateway-3301,62,2026-06-05 07:03:26.858244
243,0.6542844916455689,0,346323487,production,payment_service-4401,125,2026-06-05 07:04:26.858244
244,0.3495663019234515,0,316837399,production,payment_service-4401,4,2026-06-05 07:04:56.773742
245,0.14399239417004828,0,695094971,production,payment_service-4401,222,2026-06-05 07:04:59.757612
246,0.8071079208581845,0,418850288,staging,payment_service-0041,175,2026-06-05 07:05:02.771481
247,0.6248057421143025,2,502166474,staging,api_gateway-0021,189,2026-06-05 07:05:05.756871
248,0.9179358926453149,0,434189739,staging,api_gateway-0021,25,2026-06-05 07:05:08.761870
249,0.08973429408543682,0,672402320,production,api_gateway-3301,43,2026-06-05 07:05:11.757136
250,0.7692881036463064,0,683669055,staging,payment_service-0041,209,2026-06-05 07:05:14.769592
251,0.12309432878461168,0,581644610,staging,api_gateway-0021,297,2026-06-05 07:05:17.769872
252,0.554537347630206,0,805302503,staging,payment_service-0041,41,2026-06-05 07:05:20.762919
253,0.4256959901345749,3,736731383,staging,api_gateway-0021,194,2026-06-05 07:05:23.759582
254,0.5427614988441294,0,330650614,production,api_gateway-3301,269,2026-06-05 07:05:26.763737
255,0.44597045533305474,0,271512149,production,payment_service-4401,38,2026-06-05 07:05:29.771475
256,0.050394930837892954,0,649929038,staging,payment_service-0041,184,2026-06-05 07:05:32.770855
257,0.17937956170361152,0,360930265,staging,payment_service-0041,288,2026-06-05 07:05:35.772028
258,0.9335932927264423,0,633173500,production,api_gateway-3301,181,2026-06-05 07:05:38.772412
259,0.17489057978479633,2,711053929,production,api_gateway-3301,88,2026-06-05 07:05:41.758767
260,0.6051353904481807,0,309531595,staging,payment_service-0041,126,2026-06-05 07:05:44.760294
261,0.36875205371907027,0,466893912,production,api_gateway-3301,113,2026-06-05 07:05:47.768720
262,0.40363417626277504,0,326205822,staging,api_gateway-0021,273,2026-06-05 07:05:50.769582
263,0.672443866716683,0,529346597,production,api_gateway-3301,20,2026-06-05 07:05:53.771809
264,0.5585615564492907,0,320554706,production,payment_service-4401,8,2026-06-05 07:05:56.764109
265,0.801234193546565,1,683050023,production,api_gateway-3301,229,2026-06-05 07:05:59.761423
266,0.9164476181909483,0,376976818,production,api_gateway-3301,84,2026-06-05 07:06:02.769416
267,0.5101903347747914,2,784840921,staging,payment_service-0041,44,2026-06-05 07:06:05.770073
268,0.7783158437655784,0,707801869,production,payment_service-4401,208,2026-06-05 07:06:08.762081
269,0.5121804802002056,0,412363294,production,payment_service-4401,175,2026-06-05 07:06:11.758824
270,0.33551551153046766,1,553780014,staging,payment_service-0041,58,2026-06-05 07:06:14.761418
271,0.7556326648018513,0,561642517,production,payment_service-4401,191,2026-06-05 07:06:17.768041
272,0.8578242293265611,1,803392726,production,payment_service-4401,298,2026-06-05 07:06:20.771183
273,0.09890138059865591,0,772150391,production,api_gateway-3301,59,2026-06-05 07:06:23.758749
274,0.16019450524580808,0,337600800,production,api_gateway-3301,34,2026-06-05 07:06:26.763712
275,0.8890074921664144,0,346559907,production,api_gateway-3301,147,2026-06-05 07:06:29.765736
276,0.0700703711225333,0,498948644,staging,payment_service-0041,210,2026-06-05 07:06:32.757863
277,0.3624957306218327,0,288260799,production,api_gateway-3301,240,2026-06-05 07:06:35.757806
278,0.27408588185322075,0,294683739,staging,api_gateway-0021,13,2026-06-05 07:06:38.757131
279,0.18170345655632814,0,283745360,staging,api_gateway-0021,98,2026-06-05 07:06:41.757534
280,0.23423669845957212,0,716771186,staging,payment_service-0041,298,2026-06-05 07:06:44.762143
281,0.5824863125981496,0,313865203,production,api_gateway-3301,80,2026-06-05 07:06:47.768320
282,0.2855544189252166,0,712446152,staging,api_gateway-0021,225,2026-06-05 07:06:50.758181
283,0.9025839500673577,0,436583874,staging,payment_service-0041,267,2026-06-05 07:06:53.757971
284,0.5779495775634705,0,607075792,production,api_gateway-3301,109,2026-06-05 07:06:56.771134
285,0.18477734741906876,0,792819949,production,payment_service-4401,185,2026-06-05 07:06:59.770498
286,0.5447085124529109,0,423428445,production,api_gateway-3301,41,2026-06-05 07:07:02.758490
287,0.4264794044065607,0,592990872,staging,payment_service-0041,162,2026-06-05 07:07:05.767677
288,0.24141942000575312,4,639838583,production,api_gateway-3301,221,2026-06-05 07:07:08.768791
289,0.08772851360888209,0,760959767,production,api_gateway-3301,271,2026-06-05 07:07:11.765925
290,0.23810545616527645,0,591497381,production,api_gateway-3301,136,2026-06-05 07:07:14.761090
291,0.18040058624000732,0,776819911,staging,payment_service-0041,161,2026-06-05 07:07:17.772847
292,0.7012333669875332,2,422209566,staging,payment_service-0041,96,2026-06-05 07:07:20.762352
293,0.09701882427046506,0,637975797,production,api_gateway-3301,29,2026-06-04 05:09:17.069685
294,0.7563974962929999,0,652145031,production,payment_service-4401,19,2026-06-04 05:10:17.069685
295,0.5831092642707668,0,507389341,production,api_gateway-3301,42,2026-06-04 05:11:17.069685
296,0.3646651422308509,1,517813425,staging,payment_service-0041,263,2026-06-04 05:12:17.069685
297,0.7580756256257005,0,602641694,production,api_gateway-3301,131,2026-06-04 05:13:17.069685
298,0.13998528868876986,0,689981174,production,payment_service-4401,191,2026-06-04 05:14:17.069685
299,0.11917632950764523,0,686664700,staging,payment_service-0041,40,2026-06-04 05:15:17.069685
300,0.9256395405439974,0,549753453,production,payment_service-4401,15,2026-06-04 05:16:17.069685
301,0.6055101719742675,0,703836142,staging,api_gateway-0021,101,2026-06-04 05:17:17.069685
302,0.22578718217723387,0,571193303,staging,api_gateway-0021,146,2026-06-04 05:18:17.069685
303,0.6462909736241045,0,417206937,staging,payment_service-0041,205,2026-06-04 05:19:17.069685
304,0.05209308973951585,0,745542389,staging,payment_service-0041,83,2026-06-04 05:20:17.069685
305,0.5111441852278202,0,432664527,staging,payment_service-0041,77,2026-06-04 05:21:17.069685
306,0.3156043711406653,1,283347231,staging,payment_service-0041,202,2026-06-04 05:22:17.069685
307,0.36948961550812726,0,572121054,staging,payment_service-0041,181,2026-06-04 05:23:17.069685
308,0.19849262808470164,0,685444426,staging,api_gateway-0021,278,2026-06-04 05:24:17.069685
309,0.6419481653521598,0,597031974,production,api_gateway-3301,167,2026-06-04 05:25:17.069685
310,0.24554408030504948,0,504726806,staging,payment_service-0041,117,2026-06-04 05:26:17.069685
311,0.4565357223812693,0,488449110,production,payment_service-4401,173,2026-06-04 05:27:17.069685
312,0.3706589555990239,0,615526937,staging,api_gateway-0021,298,2026-06-04 05:28:17.069685
313,0.3031392681636093,0,772614211,staging,payment_service-0041,224,2026-06-04 05:29:17.069685
314,0.7596223279436712,0,493236321,production,payment_service-4401,265,2026-06-04 05:30:17.069685
315,0.4395101828129206,3,631507942,staging,api_gateway-0021,97,2026-06-04 05:31:17.069685
316,0.6718293570121776,3,430356119,staging,api_gateway-0021,29,2026-06-04 05:32:17.069685
317,0.7705991016429912,0,400079934,staging,payment_service-0041,176,2026-06-04 05:33:17.069685
318,0.8206791395140569,0,328220440,production,api_gateway-3301,289,2026-06-04 05:34:17.069685
319,0.612654580080606,0,567972719,production,api_gateway-3301,271,2026-06-04 05:35:17.069685
320,0.8835072559164585,1,695715703,staging,payment_service-0041,191,2026-06-04 05:36:17.069685
321,0.5496430219803303,0,642885746,staging,payment_service-0041,189,2026-06-04 05:37:17.069685
322,0.3520542971645563,0,347830086,production,payment_service-4401,107,2026-06-04 05:38:17.069685
323,0.06933427113486643,0,601086679,production,api_gateway-3301,90,2026-06-04 05:39:17.069685
324,0.33677590820122866,0,346989923,production,payment_service-4401,66,2026-06-04 05:40:17.069685
325,0.19574119181821265,0,675708408,production,payment_service-4401,96,2026-06-04 05:41:17.069685
326,0.7366682420978791,0,559895505,production,payment_service-4401,67,2026-06-04 05:42:17.069685
327,0.12585842191876118,0,398934848,staging,payment_service-0041,177,2026-06-04 05:43:17.069685
328,0.8931007387246499,0,310875555,production,payment_service-4401,284,2026-06-04 05:44:17.069685
329,0.6701593470574927,0,524772769,production,api_gateway-3301,1,2026-06-04 05:45:17.069685
330,0.7298877865148152,0,369141717,staging,api_gateway-0021,60,2026-06-04 05:46:17.069685
331,0.5756470471677841,0,657514979,staging,payment_service-0041,264,2026-06-04 05:47:17.069685
332,0.48333314256161775,0,752132540,production,payment_service-4401,201,2026-06-04 05:48:17.069685
333,0.7081499954439611,0,403513515,production,payment_service-4401,227,2026-06-04 05:49:17.069685
334,0.7288084334449332,0,458482994,staging,api_gateway-0021,127,2026-06-04 05:50:17.069685
335,0.3829493400820377,0,389939146,staging,api_gateway-0021,55,2026-06-04 05:51:17.069685
336,0.824045040852664,0,380323819,staging,payment_service-0041,3,2026-06-04 05:52:17.069685
337,0.4946412219506869,0,402704258,staging,payment_service-0041,236,2026-06-04 05:53:17.069685
338,0.8661008442588284,0,655562121,staging,api_gateway-0021,226,2026-06-04 05:54:17.069685
339,0.1085888454294229,0,378803967,staging,api_gateway-0021,225,2026-06-04 05:55:17.069685
340,0.14776319420197828,0,671421993,staging,api_gateway-0021,50,2026-06-04 05:56:17.069685
341,0.3633887483114753,0,450293406,staging,api_gateway-0021,297,2026-06-04 05:57:17.069685
342,0.13309717217954745,0,646039354,staging,payment_service-0041,48,2026-06-04 05:58:17.069685
343,0.7395577539239033,1,555460966,production,api_gateway-3301,45,2026-06-04 05:59:17.069685
344,0.7366718035141813,0,422358232,production,payment_service-4401,11,2026-06-04 06:00:17.069685
345,0.6965147143468962,0,280890616,production,payment_service-4401,108,2026-06-04 06:01:17.069685
346,0.31680323486206047,3,455134248,production,api_gateway-3301,204,2026-06-04 06:02:17.069685
347,0.5569333704420465,0,617742082,production,payment_service-4401,74,2026-06-04 06:03:17.069685
348,0.3777080062086549,4,783069095,production,payment_service-4401,76,2026-06-04 06:04:17.069685
349,0.6690909448520802,0,745968781,staging,payment_service-0041,12,2026-06-04 06:05:17.069685
350,0.3857854843505798,4,574130469,staging,api_gateway-0021,86,2026-06-04 06:06:17.069685
351,0.8161418675595976,0,492632563,staging,payment_service-0041,87,2026-06-04 06:07:17.069685
352,0.37400190304641345,0,739212103,production,payment_service-4401,115,2026-06-04 06:08:17.069685
353,0.7287612458854416,0,748527109,production,payment_service-4401,26,2026-06-04 06:09:17.069685
354,0.521127745603944,0,517259753,production,payment_service-4401,206,2026-06-04 06:10:17.069685
355,0.45401085055431045,2,357313044,staging,api_gateway-0021,287,2026-06-04 06:11:17.069685
356,0.26226091948586194,0,624215866,staging,api_gateway-0021,25,2026-06-04 06:12:17.069685
357,0.35431413726754457,0,539915642,staging,api_gateway-0021,100,2026-06-04 06:13:17.069685
358,0.29225514579733175,0,770905651,production,api_gateway-3301,134,2026-06-04 06:14:17.069685
359,0.44814210066963583,0,526332543,production,api_gateway-3301,227,2026-06-04 06:15:17.069685
360,0.6515772946693277,0,786181928,production,api_gateway-3301,174,2026-06-04 06:16:17.069685
361,0.16978231721332504,0,282186974,staging,api_gateway-0021,186,2026-06-04 06:17:17.069685
362,0.10513026187758158,4,677826991,staging,payment_service-0041,0,2026-06-04 06:18:17.069685
363,0.4805801481062845,0,629372188,staging,payment_service-0041,156,2026-06-04 06:19:17.069685
364,0.3608692891047725,0,766309140,production,payment_service-4401,191,2026-06-04 06:20:17.069685
365,0.67939590039478,0,610024792,production,api_gateway-3301,177,2026-06-04 06:21:17.069685
366,0.6517046082358761,0,285281051,staging,payment_service-0041,273,2026-06-04 06:22:17.069685
367,0.32606967581505364,0,701086827,staging,payment_service-0041,173,2026-06-04 06:23:17.069685
368,0.9287114020476691,3,591965369,staging,api_gateway-0021,89,2026-06-04 06:24:17.069685
369,0.9024517438679279,0,749302931,staging,api_gateway-0021,239,2026-06-04 06:25:17.069685
370,0.7325870954678935,0,731341742,staging,payment_service-0041,249,2026-06-04 06:26:17.069685
371,0.23976497298490634,1,554187756,production,api_gateway-3301,294,2026-06-04 06:27:17.069685
372,0.7611593562771493,0,782858356,staging,payment_service-0041,196,2026-06-04 06:28:17.069685
373,0.40518082566005625,0,763807293,staging,api_gateway-0021,35,2026-06-04 06:29:17.069685
374,0.49508813003561747,0,287695145,production,api_gateway-3301,70,2026-06-04 06:30:17.069685
375,0.7606379070641598,1,346146459,staging,payment_service-0041,28,2026-06-04 06:31:17.069685
376,0.8069228147883272,0,794127054,staging,api_gateway-0021,143,2026-06-04 06:32:17.069685
377,0.6054150554118352,0,280953429,staging,api_gateway-0021,110,2026-06-04 06:33:17.069685
378,0.7364583425163036,0,767842159,staging,api_gateway-0021,96,2026-06-04 06:34:17.069685
379,0.7660153124923091,0,560350263,production,api_gateway-3301,233,2026-06-04 06:35:17.069685
380,0.27686801911563874,0,485747169,production,api_gateway-3301,16,2026-06-04 06:36:17.069685
381,0.0747682639076977,0,419802000,staging,payment_service-0041,147,2026-06-04 06:37:17.069685
382,0.7843298105824118,0,289546777,production,payment_service-4401,25,2026-06-04 06:38:17.069685
383,0.7419474238947532,2,769670732,production,payment_service-4401,114,2026-06-04 06:39:17.069685
384,0.3535888643584077,0,762864213,production,api_gateway-3301,245,2026-06-04 06:40:17.069685
385,0.18525150807914514,0,310213183,staging,payment_service-0041,89,2026-06-04 06:41:17.069685
386,0.9327232903630109,0,744355497,production,payment_service-4401,192,2026-06-04 06:42:17.069685
387,0.9399796986122041,0,657130331,staging,payment_service-0041,12,2026-06-04 06:43:17.069685
388,0.7688325474844219,0,594822014,staging,payment_service-0041,139,2026-06-04 06:44:17.069685
389,0.3887258007206256,4,803546284,staging,api_gateway-0021,119,2026-06-04 06:45:17.069685
390,0.15721948045617792,0,314968449,staging,api_gateway-0021,65,2026-06-04 06:46:17.069685
391,0.5696837391434524,0,776722780,production,api_gateway-3301,234,2026-06-04 06:47:17.069685
392,0.4977074337327281,4,506134609,production,api_gateway-3301,177,2026-06-04 06:48:17.069685
393,0.8124242836250455,0,670734039,production,payment_service-4401,200,2026-06-04 06:49:17.069685
394,0.3435650619087001,0,380952915,staging,api_gateway-0021,251,2026-06-04 06:50:17.069685
395,0.6353667370260024,0,541400008,staging,api_gateway-0021,127,2026-06-04 06:51:17.069685
396,0.2221581763623084,0,358243878,production,payment_service-4401,186,2026-06-04 06:52:17.069685
397,0.46532739593009,0,369363978,production,payment_service-4401,217,2026-06-04 06:53:17.069685
398,0.5423326833357979,0,276626727,staging,api_gateway-0021,297,2026-06-04 06:54:17.069685
399,0.35338951958132414,0,524112030,production,api_gateway-3301,0,2026-06-04 06:55:17.069685
400,0.4261470047600646,3,708711799,staging,payment_service-0041,22,2026-06-04 06:56:17.069685
401,0.5191900855336806,2,569713142,staging,payment_service-0041,20,2026-06-04 06:57:17.069685
402,0.146691659837248,0,779882065,staging,api_gateway-0021,29,2026-06-04 06:58:17.069685
403,0.3229632728396996,0,575846167,staging,payment_service-0041,126,2026-06-04 06:59:17.069685
404,0.6513945386093479,4,443217703,production,payment_service-4401,198,2026-06-04 07:00:17.069685
405,0.7749000832418738,0,569442447,staging,api_gateway-0021,87,2026-06-04 07:01:17.069685
406,0.20696035012538322,0,568730919,production,api_gateway-3301,276,2026-06-04 07:02:17.069685
407,0.3114147833564707,2,402080461,staging,api_gateway-0021,16,2026-06-04 07:03:17.069685
408,0.8066173738447839,2,783400619,production,payment_service-4401,211,2026-06-04 07:04:17.069685
409,0.4905442982436612,0,337518712,production,api_gateway-3301,38,2026-06-04 07:05:17.069685
410,0.5356983487369532,0,699046412,production,api_gateway-3301,11,2026-06-04 07:06:17.069685
411,0.8915036592726849,0,688824769,staging,api_gateway-0021,186,2026-06-04 07:07:17.069685
412,0.4059478077026564,0,564344250,staging,payment_service-0041,224,2026-06-04 07:08:17.069685
413,0.5201217300758129,0,635223596,staging,api_gateway-0021,230,2026-06-04 07:09:17.069685
414,0.749896851844469,0,270234261,production,api_gateway-3301,169,2026-06-04 07:09:46.997567
415,0.2862964223354786,0,783147999,production,api_gateway-3301,179,2026-06-04 07:09:49.978108
416,0.6688007536555246,0,278137359,production,api_gateway-3301,71,2026-06-04 07:09:52.968167
417,0.8181495015999372,0,761720666,production,api_gateway-3301,140,2026-06-04 07:09:55.972434
418,0.509884590157112,1,714103476,production,api_gateway-3301,123,2026-06-04 07:09:58.965490
419,0.5992076598146657,0,473792812,staging,api_gateway-0021,102,2026-06-04 07:10:01.975173
420,0.43716853389298715,0,399642545,production,payment_service-4401,156,2026-06-04 07:10:04.968625
421,0.729440603112864,0,329002527,production,api_gateway-3301,133,2026-06-04 07:10:07.972380
422,0.42849672884524076,4,781915550,staging,payment_service-0041,257,2026-06-04 07:10:10.966993
423,0.8232215899667874,0,464835326,staging,api_gateway-0021,58,2026-06-04 07:10:13.975976
424,0.9069730310939872,0,494615068,staging,api_gateway-0021,74,2026-06-04 07:10:16.969395
425,0.6264732586710625,1,360947861,production,api_gateway-3301,208,2026-06-04 07:10:19.976028
426,0.12446793007592512,1,775143437,staging,api_gateway-0021,151,2026-06-04 07:10:22.970306
427,0.7262703442335097,0,575339329,staging,payment_service-0041,292,2026-06-04 07:10:25.968658
428,0.2636776405409883,0,304496365,production,payment_service-4401,142,2026-06-04 07:10:28.972962
429,0.6566611868809994,3,544232106,staging,api_gateway-0021,289,2026-06-04 07:10:31.972205
430,0.2773394688202441,0,292057068,production,payment_service-4401,208,2026-06-04 07:10:34.969811
431,0.5417337051127157,0,303817569,production,payment_service-4401,62,2026-06-04 07:10:37.976855
432,0.06313185963386499,0,391778231,staging,payment_service-0041,149,2026-06-04 07:10:40.975522
433,0.6863263126154749,0,495191476,production,api_gateway-3301,265,2026-06-04 07:10:43.969338
434,0.10219966835815605,0,790688545,production,payment_service-4401,246,2026-06-04 07:10:46.977550
435,0.054497479504375695,0,529551090,staging,api_gateway-0021,20,2026-06-04 07:10:49.970298
436,0.2196323549577066,0,468511099,staging,api_gateway-0021,83,2026-06-04 07:10:52.976392
437,0.2573113596005537,0,572892693,staging,payment_service-0041,288,2026-06-04 07:10:55.967518
438,0.6464480031730155,0,731503518,staging,api_gateway-0021,68,2026-06-04 07:10:58.976540
439,0.30280167666407043,0,588267800,production,payment_service-4401,54,2026-06-04 07:11:01.977484
440,0.8582401435505661,0,473545563,staging,payment_service-0041,105,2026-06-04 07:11:04.975233
441,0.7652187902663167,0,375453666,production,api_gateway-3301,99,2026-06-04 07:11:07.974436
442,0.810523166129467,0,470370989,staging,api_gateway-0021,161,2026-06-04 07:11:10.969721
443,0.34795660508559495,0,279243848,staging,api_gateway-0021,83,2026-06-04 07:11:13.966735
444,0.9208304007479556,0,713871742,production,payment_service-4401,77,2026-06-04 07:11:16.968960
445,0.4275560579558803,0,492819238,production,api_gateway-3301,157,2026-06-04 07:11:19.971205
446,0.1849153236906263,0,490118932,staging,payment_service-0041,106,2026-06-04 07:11:22.969236
447,0.4144228727487205,0,465608731,production,payment_service-4401,26,2026-06-04 07:11:25.973135
448,0.5460971882491087,0,276330067,production,api_gateway-3301,5,2026-06-04 07:11:28.972554
449,0.795741717200115,0,772068895,production,payment_service-4401,55,2026-06-04 07:11:31.978313
450,0.24152698685629082,0,339158672,staging,payment_service-0041,150,2026-06-04 07:11:34.974101
451,0.7287923037114982,0,275899313,production,api_gateway-3301,56,2026-06-04 07:11:37.978608
452,0.2000802712618513,0,696680010,production,payment_service-4401,34,2026-06-04 07:11:40.971073
453,0.21638850671283544,0,528320895,production,api_gateway-3301,211,2026-06-04 07:11:43.963934
454,0.32453304193489513,0,442394840,production,payment_service-4401,294,2026-06-04 07:11:46.967743
455,0.20894812571627686,2,355748014,production,payment_service-4401,10,2026-06-04 07:11:49.972495
456,0.5962526545380138,0,280052374,staging,api_gateway-0021,109,2026-06-04 07:11:52.978737
457,0.7609721752524552,2,294145697,production,api_gateway-3301,202,2026-06-04 07:11:55.967141
458,0.5550292443456178,0,585506692,staging,payment_service-0041,34,2026-06-04 07:11:58.971617
459,0.46295480379828774,0,544985500,staging,payment_service-0041,27,2026-06-04 07:12:01.976912
460,0.16155676324780707,0,404898675,production,payment_service-4401,29,2026-06-04 07:12:04.976990
461,0.4519725472993553,0,314051195,production,api_gateway-3301,87,2026-06-04 07:12:07.976348
462,0.3070244701754856,0,716609216,staging,payment_service-0041,273,2026-06-04 07:12:10.970944
463,0.9185933281005826,3,572175264,production,api_gateway-3301,242,2026-06-04 07:12:13.973634
464,0.4278770321381166,0,450226916,production,payment_service-4401,62,2026-06-04 07:12:16.973158
465,0.16817789793006194,0,474483248,staging,api_gateway-0021,28,2026-06-04 07:12:19.967343
466,0.8103325312298494,0,735188032,production,payment_service-4401,270,2026-06-04 07:12:22.965370
467,0.23820668737109324,0,313337289,staging,payment_service-0041,56,2026-06-04 07:12:25.975919
468,0.7702731599631572,0,277272526,staging,payment_service-0041,124,2026-06-04 07:12:28.971229
469,0.39909290952819876,0,658809476,staging,api_gateway-0021,100,2026-06-04 07:12:31.978428
470,0.19600254637760195,0,718409558,production,api_gateway-3301,46,2026-06-04 07:12:34.975330
471,0.29174862622418474,0,390172654,production,payment_service-4401,184,2026-06-04 07:12:37.971694
472,0.5120166002394381,0,549634610,production,api_gateway-3301,244,2026-06-04 07:12:40.968052
473,0.5018482727279621,1,369592670,production,api_gateway-3301,185,2026-06-04 07:12:43.967523
474,0.2831901398993015,0,494831809,staging,api_gateway-0021,169,2026-06-04 07:12:46.971917
475,0.5496583405179111,0,310061252,production,payment_service-4401,182,2026-06-04 07:12:49.978528
476,0.5486544677538303,0,319764996,staging,api_gateway-0021,182,2026-06-04 07:12:52.975995
477,0.7188969560663783,0,300052090,production,api_gateway-3301,97,2026-06-04 07:12:55.971903
478,0.3148768278503656,0,511233390,production,api_gateway-3301,52,2026-06-04 07:12:58.971969
479,0.07474424835406934,0,793904798,production,payment_service-4401,95,2026-06-04 07:13:01.965119
480,0.6765515147336147,0,498021268,production,payment_service-4401,227,2026-06-04 07:13:04.976656
481,0.23136204200885918,0,740522327,production,payment_service-4401,110,2026-06-04 07:13:07.978483
482,0.9334376462301872,0,616173179,production,payment_service-4401,249,2026-06-04 07:13:10.964734
483,0.3001464639097355,1,285936909,staging,payment_service-0041,255,2026-06-04 07:13:13.969953
484,0.6676767227359856,2,315824007,production,payment_service-4401,22,2026-06-04 07:13:16.976801
485,0.21570073472231688,0,721241549,staging,payment_service-0041,215,2026-06-04 07:13:19.974767
486,0.25885393464410283,0,273285054,production,api_gateway-3301,121,2026-06-04 07:13:22.968991
487,0.643501730947479,4,749069545,production,api_gateway-3301,95,2026-06-04 07:13:25.971147
488,0.12458666334308899,0,704062851,production,api_gateway-3301,59,2026-06-04 07:13:28.976698
489,0.7005803549453821,0,614072807,staging,payment_service-0041,125,2026-06-04 07:13:31.971984
490,0.38301554464013177,0,786549933,production,payment_service-4401,137,2026-06-04 07:13:34.972848
491,0.2956848163587634,0,528910946,production,api_gateway-3301,132,2026-06-04 07:13:37.973891
492,0.21938310539940215,1,716593921,production,api_gateway-3301,223,2026-06-04 07:13:40.965436
493,0.8591080519470192,0,754062652,production,payment_service-4401,284,2026-06-04 07:13:43.972195
494,0.05912021778971906,1,639717302,staging,payment_service-0041,290,2026-06-04 07:13:46.963811
495,0.22625920854961484,0,445587407,staging,api_gateway-0021,165,2026-06-04 07:13:49.976370
496,0.8484201317584067,0,724541478,staging,api_gateway-0021,289,2026-06-04 07:13:52.973704
497,0.5945618851711687,0,684682346,production,payment_service-4401,154,2026-06-04 07:13:55.979720
498,0.07307996976593847,0,710765311,production,payment_service-4401,21,2026-06-04 07:13:58.969865
499,0.17685645573189407,0,306436698,production,payment_service-4401,112,2026-06-04 07:14:01.974365
500,0.11118822531656469,0,635047172,staging,api_gateway-0021,299,2026-06-04 07:14:04.968456
501,0.8939677087755484,4,770457459,staging,payment_service-0041,256,2026-06-04 07:14:07.970293
502,0.5231519583441857,0,533711908,production,payment_service-4401,159,2026-06-04 07:14:10.967754
503,0.3578557927411815,2,651986719,production,api_gateway-3301,180,2026-06-04 07:14:13.971838
504,0.558838702374725,0,290504420,staging,payment_service-0041,228,2026-06-04 07:14:16.978517
505,0.46314497221430023,0,426002588,staging,payment_service-0041,108,2026-06-04 07:14:19.969162
506,0.38758051675433597,1,590330419,production,api_gateway-3301,27,2026-06-04 07:14:22.972557
507,0.2504906605188854,0,747056365,staging,payment_service-0041,4,2026-06-04 07:14:25.968051
508,0.7798674468419271,0,358777819,staging,payment_service-0041,263,2026-06-04 07:14:28.978020
509,0.46467123739410693,0,801564594,production,payment_service-4401,56,2026-06-04 07:14:31.976566
510,0.06494044269247073,0,660348870,staging,api_gateway-0021,148,2026-06-04 07:14:34.972846
511,0.08382467558935713,0,433787590,production,api_gateway-3301,297,2026-06-04 07:14:37.967573
512,0.49224608957202687,1,801637934,staging,payment_service-0041,223,2026-06-04 07:14:40.979068
513,0.09878962120444457,1,572383747,production,payment_service-4401,163,2026-06-04 07:14:43.966640
514,0.34870067014335093,4,800736005,production,api_gateway-3301,130,2026-06-04 07:14:46.970420
515,0.6297550617172141,0,305402262,staging,api_gateway-0021,165,2026-06-04 07:14:49.976759
516,0.2875439573406523,0,677776458,production,payment_service-4401,229,2026-06-04 07:14:52.973268
517,0.7378665692830337,3,504875222,staging,payment_service-0041,236,2026-06-04 07:14:55.968217
518,0.8659347712447073,0,465638379,production,payment_service-4401,120,2026-06-04 07:14:58.976316
519,0.08383772967110528,4,336371256,staging,payment_service-0041,294,2026-06-04 07:15:01.974506
520,0.21239798411315441,0,403559840,production,api_gateway-3301,47,2026-06-04 07:15:04.976481
521,0.6572007177096835,0,758997963,production,api_gateway-3301,132,2026-06-04 07:15:07.969050
522,0.6774134917043779,0,285137798,staging,api_gateway-0021,86,2026-06-04 07:15:10.978677
523,0.17809373752470203,0,346309043,production,api_gateway-3301,188,2026-06-04 07:15:13.976394
524,0.21628636017212188,0,751586884,production,api_gateway-3301,14,2026-06-04 07:15:16.964632
525,0.6737275242010107,0,388426958,staging,payment_service-0041,183,2026-06-04 07:15:19.970353
526,0.5309157523755819,0,346387813,staging,payment_service-0041,194,2026-06-04 07:15:22.966724
527,0.07565300671711586,0,588412811,production,api_gateway-3301,119,2026-06-04 07:15:25.977943
528,0.14646625540192637,0,730002949,staging,api_gateway-0021,176,2026-06-04 07:15:28.971929
529,0.5414175246271556,0,567725535,staging,payment_service-0041,269,2026-06-04 07:15:31.974684
530,0.35272665913854184,0,343109224,production,payment_service-4401,80,2026-06-04 07:15:34.966098
531,0.9320911607793124,0,731212027,staging,api_gateway-0021,281,2026-06-04 07:15:37.969410
532,0.23988596748667984,3,756160248,production,api_gateway-3301,125,2026-06-04 07:15:40.967826
533,0.35798907169973415,0,383487060,production,api_gateway-3301,237,2026-06-04 07:15:43.969609
534,0.4227403881280224,0,317712870,production,api_gateway-3301,207,2026-06-04 07:15:46.967366
535,0.33674632335152677,0,344013267,production,payment_service-4401,204,2026-06-04 07:15:49.979307
536,0.3052423618214333,0,658850562,production,api_gateway-3301,151,2026-06-04 07:15:52.970691
537,0.948675686628353,0,477152427,production,payment_service-4401,83,2026-06-04 07:15:55.971226
538,0.5361024931081714,0,278970171,production,payment_service-4401,270,2026-06-04 07:15:58.976910
539,0.2189958158203245,0,575144665,staging,api_gateway-0021,34,2026-06-04 07:16:01.968907
540,0.9159941603294954,0,593077205,production,payment_service-4401,180,2026-06-04 07:16:04.969040
541,0.8958287671918885,0,340633111,staging,payment_service-0041,296,2026-06-04 07:16:07.999373
542,0.6929143903683914,4,761743876,staging,payment_service-0041,217,2026-06-04 07:16:10.977400
543,0.8769482576748195,0,281753303,production,api_gateway-3301,204,2026-06-04 07:16:13.970996
544,0.27178138420081316,0,800252219,staging,payment_service-0041,73,2026-06-04 07:16:16.970036
545,0.8160748425848059,0,362767253,production,api_gateway-3301,91,2026-06-04 07:16:19.978440
546,0.5854323561410472,0,363252724,staging,api_gateway-0021,20,2026-06-04 07:16:22.967891
547,0.8512453047692053,0,778694168,staging,api_gateway-0021,260,2026-06-04 07:16:25.976429
548,0.6237690033722938,0,434410166,staging,api_gateway-0021,45,2026-06-04 07:16:28.970484
549,0.2150763613061875,0,727541398,production,payment_service-4401,70,2026-06-04 07:16:31.974186
550,0.6635372731342891,0,711565910,production,payment_service-4401,25,2026-06-04 07:16:34.967224
551,0.14677706945256164,0,434602702,staging,payment_service-0041,69,2026-06-04 07:16:37.979091
552,0.8353761990130646,0,437549137,staging,payment_service-0041,191,2026-06-04 07:16:40.973425
553,0.5246663239850907,0,705503728,production,api_gateway-3301,132,2026-06-04 07:16:43.973477
554,0.5344005638153763,0,357929312,staging,payment_service-0041,293,2026-06-04 07:16:46.974613
555,0.7398732084090828,0,689491933,production,payment_service-4401,274,2026-06-04 07:16:49.964956
556,0.14515507583138565,0,574284118,staging,api_gateway-0021,235,2026-06-04 07:16:52.965399
557,0.2822179163664132,0,561046080,production,payment_service-4401,261,2026-06-04 07:16:55.967311
558,0.5295060751571957,0,476126612,production,api_gateway-3301,47,2026-06-04 07:16:58.970616
559,0.15713995329272062,0,528820645,production,api_gateway-3301,287,2026-06-04 07:17:01.965037
560,0.7905952960351805,0,582795245,staging,api_gateway-0021,135,2026-06-04 07:17:04.978334
561,0.33769020899480207,0,684876759,staging,payment_service-0041,298,2026-06-04 07:17:07.965771
562,0.21486025396591318,0,585217203,staging,payment_service-0041,20,2026-06-04 07:17:10.979376
563,0.20618876005600828,0,564653963,production,api_gateway-3301,116,2026-06-04 07:17:13.977759
564,0.5605433070835014,0,723109420,staging,api_gateway-0021,110,2026-06-04 07:17:16.977188
565,0.2185692961891879,0,463155845,production,payment_service-4401,290,2026-06-04 07:17:19.964630
566,0.4253647948452262,0,714926812,production,api_gateway-3301,92,2026-06-04 07:17:22.964957
567,0.7966646837362311,0,297540169,staging,api_gateway-0021,191,2026-06-04 07:17:25.966379
568,0.5102480453191468,0,738023837,production,api_gateway-3301,40,2026-06-04 07:17:28.973355
569,0.6182096744259522,4,768995018,production,api_gateway-3301,112,2026-06-04 07:17:31.977136
570,0.4845569267375239,3,444234354,staging,api_gateway-0021,11,2026-06-04 07:17:34.970430
571,0.3327517564139386,0,739387892,staging,api_gateway-0021,240,2026-06-04 07:17:37.965565
572,0.4013981742531241,0,291633100,staging,payment_service-0041,26,2026-06-04 07:17:40.968122
573,0.5383323860759279,0,595154374,production,api_gateway-3301,214,2026-06-04 07:17:43.968650
574,0.18477603791472563,1,587762493,production,api_gateway-3301,42,2026-06-04 07:17:46.973928
575,0.685732546540046,0,746064561,production,api_gateway-3301,233,2026-06-04 07:17:49.973348
576,0.8397606267926235,1,531962103,production,payment_service-4401,85,2026-06-04 07:17:52.979094
577,0.10709252684727344,0,489595766,production,api_gateway-3301,77,2026-06-04 07:17:55.965550
578,0.2085744678907645,0,608634121,production,api_gateway-3301,260,2026-06-04 07:17:58.970715
579,0.4211956213658707,0,463827092,production,api_gateway-3301,133,2026-06-04 07:18:01.979527
580,0.6934472495847074,0,526765228,staging,payment_service-0041,43,2026-06-04 07:18:04.965436
581,0.09053344941320181,1,399792268,staging,payment_service-0041,277,2026-06-04 07:18:07.975635
582,0.9314969568544862,0,756983120,production,api_gateway-3301,258,2026-06-04 07:18:10.964397
583,0.9410205518632407,0,458722924,production,api_gateway-3301,194,2026-06-04 07:18:13.968655
584,0.1528312453390484,0,657811940,staging,payment_service-0041,69,2026-06-04 07:18:16.967163
585,0.2349693272909063,0,589241149,production,api_gateway-3301,98,2026-06-04 07:18:19.972991
586,0.7701361183359777,0,406848680,production,payment_service-4401,214,2026-06-04 07:18:22.978638
587,0.3599287068497183,0,456109611,production,api_gateway-3301,198,2026-06-04 07:18:25.972860
588,0.35609304168939443,0,712304291,production,api_gateway-3301,186,2026-06-04 07:18:28.977948
589,0.7224249453595539,4,625177081,staging,payment_service-0041,169,2026-06-04 07:18:31.968906
590,0.6797305865085992,0,702875050,staging,api_gateway-0021,202,2026-06-04 07:18:34.975662
591,0.8777354805500819,4,775471893,production,api_gateway-3301,41,2026-06-04 07:18:37.969380
592,0.5325312253464568,0,441236210,staging,payment_service-0041,55,2026-06-04 07:18:40.977128
593,0.3233291968381902,0,659920677,staging,api_gateway-0021,273,2026-06-04 07:18:43.975497
594,0.7012657840084852,3,799783346,production,api_gateway-3301,96,2026-06-04 07:18:46.973242
595,0.4971785326380293,3,677887826,production,api_gateway-3301,155,2026-06-04 07:18:49.972964
596,0.37279123140135606,0,534186281,production,api_gateway-3301,93,2026-06-04 07:18:52.973249
597,0.39142061050073085,2,636470714,staging,payment_service-0041,101,2026-06-04 07:18:55.977371
598,0.15601904264400204,0,285961701,staging,payment_service-0041,197,2026-06-04 07:18:58.976008
599,0.2795634125840935,0,560074782,production,api_gateway-3301,70,2026-06-04 07:19:01.967236
600,0.20235085271714037,0,737916867,staging,payment_service-0041,128,2026-06-04 07:19:04.977267
601,0.1511095216192701,0,795280029,production,payment_service-4401,91,2026-06-04 07:19:07.971186
602,0.3883471604504279,0,687141844,production,api_gateway-3301,139,2026-06-04 07:19:10.968475
603,0.5058605406882404,0,295197805,production,api_gateway-3301,279,2026-06-04 07:19:13.969577
604,0.8463635299827418,0,481945188,production,payment_service-4401,275,2026-06-04 07:19:16.973389
605,0.7944002592616635,0,674529175,production,payment_service-4401,294,2026-06-04 07:19:19.966086
606,0.22632067314331755,0,496369181,staging,api_gateway-0021,296,2026-06-04 07:19:22.966989
607,0.32766968441091876,0,547786467,production,payment_service-4401,175,2026-06-04 07:19:25.977465
608,0.7380297531159792,0,278082562,production,payment_service-4401,203,2026-06-04 07:19:28.971435
609,0.8356765095217169,0,501933264,production,api_gateway-3301,239,2026-06-04 07:19:31.974969
610,0.4691849810858608,0,375363461,staging,payment_service-0041,215,2026-06-04 07:19:34.975884
611,0.4565660946341403,0,586224412,production,api_gateway-3301,237,2026-06-04 07:19:37.977513
612,0.5169496876251489,0,476718252,production,payment_service-4401,34,2026-06-04 07:19:40.970949
613,0.16087306421974035,0,447643604,staging,payment_service-0041,237,2026-06-04 07:19:43.964844
614,0.8317158166356731,0,568074996,staging,api_gateway-0021,57,2026-06-04 07:19:46.968725
615,0.41891254282317447,0,641755565,production,api_gateway-3301,52,2026-06-04 07:19:49.968818
616,0.4559303632931546,0,279241138,staging,api_gateway-0021,69,2026-06-04 07:19:52.975476
617,0.7061671934985576,0,488641917,production,payment_service-4401,192,2026-06-04 07:19:55.965540
618,0.09337458466155125,0,568187729,staging,api_gateway-0021,222,2026-06-04 07:19:58.975233
619,0.5441940983652931,0,546033319,production,api_gateway-3301,214,2026-06-04 07:20:01.974410
620,0.6742932020015647,0,423819931,production,api_gateway-3301,154,2026-06-04 07:20:04.970746
621,0.5972463921308642,0,371941223,production,api_gateway-3301,51,2026-06-04 07:20:07.971371
622,0.22515352626378693,0,669558984,staging,payment_service-0041,235,2026-06-04 07:20:10.977943
623,0.7611280325188632,0,520971132,production,api_gateway-3301,79,2026-06-04 07:20:13.968489
624,0.3652012518649079,0,372708355,production,api_gateway-3301,248,2026-06-04 07:20:16.976540
625,0.40062936351628103,0,752329084,production,api_gateway-3301,133,2026-06-04 07:20:19.977991
626,0.05053621511334645,0,307189605,production,api_gateway-3301,214,2026-06-04 07:20:22.967475
627,0.30506464505333264,0,765577923,staging,api_gateway-0021,108,2026-06-04 07:20:25.972552
628,0.27575866617234207,0,631908689,staging,payment_service-0041,85,2026-06-04 07:20:28.974956
629,0.3805810898434699,0,771286002,staging,api_gateway-0021,58,2026-06-04 07:20:31.964690
630,0.7018579579782359,0,518826512,staging,api_gateway-0021,106,2026-06-04 07:20:34.968416
631,0.2953261606935828,0,488241432,production,payment_service-4401,219,2026-06-04 07:20:37.973886
632,0.29816682097130615,0,675990177,staging,api_gateway-0021,265,2026-06-04 07:20:40.966526
633,0.8628946527692137,0,310004649,production,api_gateway-3301,166,2026-06-04 07:20:43.975367
634,0.5927832973172458,0,432151278,staging,api_gateway-0021,117,2026-06-04 07:20:46.971729
635,0.2257349646947483,0,450922676,production,payment_service-4401,173,2026-06-04 07:20:49.968025
636,0.833225846009735,0,406962353,staging,payment_service-0041,137,2026-06-04 07:20:52.965933
637,0.28558739749234285,0,660758532,production,api_gateway-3301,145,2026-06-04 07:20:55.966723
638,0.062455440378453464,0,560792978,production,api_gateway-3301,97,2026-06-04 07:20:58.964778
639,0.12147594278864687,0,689327520,production,payment_service-4401,241,2026-06-04 07:21:01.977711
640,0.9149684098544152,0,444293891,production,payment_service-4401,89,2026-06-04 07:21:04.976662
641,0.4758331028487211,0,761404299,production,payment_service-4401,260,2026-06-04 07:21:07.964118
642,0.9078504957580705,0,752763630,staging,api_gateway-0021,282,2026-06-04 07:21:10.970698
643,0.08106037815591423,0,397922718,staging,payment_service-0041,92,2026-06-04 07:21:13.968263
644,0.33591317865087755,4,436170537,production,api_gateway-3301,105,2026-06-04 07:21:16.971509
645,0.05990184268651209,0,707252224,production,payment_service-4401,63,2026-06-04 07:21:19.967104
646,0.7578959854161001,0,398232870,production,payment_service-4401,148,2026-06-04 07:21:22.967633
647,0.1648635002497775,0,273632343,staging,api_gateway-0021,56,2026-06-04 07:21:25.978547
648,0.6566875214337172,4,465585837,staging,api_gateway-0021,27,2026-06-04 07:21:28.985147
649,0.9346396866062151,0,558330536,staging,payment_service-0041,223,2026-06-04 07:21:31.972847
650,0.10810844221362001,0,597204095,production,payment_service-4401,236,2026-06-04 07:21:34.974090
651,0.4048304502345261,0,654688557,staging,payment_service-0041,156,2026-06-04 07:21:37.978660
652,0.543944137230685,1,299570232,production,api_gateway-3301,56,2026-06-04 07:21:40.969745
653,0.8225971593863539,0,661679932,production,payment_service-4401,197,2026-06-04 07:21:43.965926
654,0.572457869834813,0,391645074,production,api_gateway-3301,295,2026-06-04 07:21:46.976267
655,0.43339916133648443,0,728606747,production,payment_service-4401,283,2026-06-04 07:21:49.971273
656,0.44623388882092346,0,496469031,staging,api_gateway-0021,244,2026-06-04 07:21:52.977689
657,0.7385697323200474,0,446453533,production,api_gateway-3301,207,2026-06-04 07:21:55.970681
658,0.5186196717240038,0,593183658,staging,payment_service-0041,255,2026-06-04 07:21:58.970536
659,0.12979295917184502,0,499045408,production,api_gateway-3301,202,2026-06-04 07:22:01.966512
660,0.5638086922252273,0,662249574,production,api_gateway-3301,117,2026-06-04 07:22:04.976642
661,0.33787628629224936,4,480675139,production,api_gateway-3301,78,2026-06-04 07:22:07.977306
662,0.8018955697931072,0,691850396,production,api_gateway-3301,111,2026-06-04 07:22:10.977489
663,0.586368325785675,0,593416636,production,api_gateway-3301,151,2026-06-04 07:22:13.964735
664,0.10309918028598339,0,748416255,staging,payment_service-0041,296,2026-06-04 07:22:16.970499
665,0.693189688661217,2,392748801,production,payment_service-4401,22,2026-06-04 07:22:19.994788
666,0.3116507616611023,0,654594704,production,payment_service-4401,171,2026-06-04 07:22:22.967079
667,0.39571026270915316,0,506917643,staging,payment_service-0041,126,2026-06-04 07:22:25.971036
668,0.8052201307501425,0,783268964,production,payment_service-4401,101,2026-06-04 07:22:28.965615
669,0.17145955844344044,0,437476494,production,payment_service-4401,32,2026-06-04 05:22:49.411454
670,0.9416104307047507,0,448930784,staging,api_gateway-0021,177,2026-06-04 05:23:49.411454
671,0.0630663993829254,3,467533047,production,payment_service-4401,231,2026-06-04 05:24:49.411454
672,0.5784611916194455,0,623665884,staging,api_gateway-0021,212,2026-06-04 05:25:49.411454
673,0.7518506328399558,0,548744658,staging,api_gateway-0021,152,2026-06-04 05:26:49.411454
674,0.4418404294755452,3,402294657,production,payment_service-4401,195,2026-06-04 05:27:49.411454
675,0.30353468529347605,0,580331976,staging,payment_service-0041,174,2026-06-04 05:28:49.411454
676,0.3114413543046133,0,381040577,staging,payment_service-0041,246,2026-06-04 05:29:49.411454
677,0.28077000809981667,0,592874461,production,api_gateway-3301,132,2026-06-04 05:30:49.411454
678,0.6256908672640872,1,639411036,staging,api_gateway-0021,257,2026-06-04 05:31:49.411454
679,0.6496811800089473,4,698132989,production,payment_service-4401,116,2026-06-04 05:32:49.411454
680,0.339726494143308,0,368477944,staging,api_gateway-0021,207,2026-06-04 05:33:49.411454
681,0.25463172674554463,0,453225069,staging,api_gateway-0021,101,2026-06-04 05:34:49.411454
682,0.8851747169339655,0,541305086,staging,payment_service-0041,55,2026-06-04 05:35:49.411454
683,0.8846284118765201,0,608179116,staging,payment_service-0041,227,2026-06-04 05:36:49.411454
684,0.7627121792759419,0,374814284,staging,api_gateway-0021,239,2026-06-04 05:37:49.411454
685,0.9421820541530391,0,541104961,production,api_gateway-3301,14,2026-06-04 05:38:49.411454
686,0.28732497056517925,0,515181328,staging,api_gateway-0021,163,2026-06-04 05:39:49.411454
687,0.7670895795292236,0,356733347,staging,api_gateway-0021,235,2026-06-04 05:40:49.411454
688,0.10854110364429548,0,693204132,production,payment_service-4401,87,2026-06-04 05:41:49.411454
689,0.42163917643799953,0,768810131,staging,api_gateway-0021,145,2026-06-04 05:42:49.411454
690,0.6819280934612912,4,426999781,staging,payment_service-0041,131,2026-06-04 05:43:49.411454
691,0.10514284180963204,0,591910839,staging,payment_service-0041,189,2026-06-04 05:44:49.411454
692,0.6381719251279271,0,353173550,production,payment_service-4401,106,2026-06-04 05:45:49.411454
693,0.6563432040861485,2,669466326,staging,api_gateway-0021,56,2026-06-04 05:46:49.411454
694,0.7130157793176688,2,425479539,production,api_gateway-3301,80,2026-06-04 05:47:49.411454
695,0.2968520371815885,0,269835168,staging,api_gateway-0021,218,2026-06-04 05:48:49.411454
696,0.7671267193050614,0,560959794,production,payment_service-4401,212,2026-06-04 05:49:49.411454
697,0.2358683345897865,0,779731326,staging,api_gateway-0021,182,2026-06-04 05:50:49.411454
698,0.5845801346454951,0,691150164,production,payment_service-4401,277,2026-06-04 05:51:49.411454
699,0.4370933932311617,0,433721863,production,api_gateway-3301,186,2026-06-04 05:52:49.411454
700,0.47133312960168994,2,702872523,staging,api_gateway-0021,191,2026-06-04 05:53:49.411454
701,0.8348727032340331,0,720615767,staging,api_gateway-0021,297,2026-06-04 05:54:49.411454
702,0.08967718391114406,0,449567688,staging,api_gateway-0021,79,2026-06-04 05:55:49.411454
703,0.631659705473628,0,622083639,production,payment_service-4401,285,2026-06-04 05:56:49.411454
704,0.1579132332467993,0,576712261,staging,api_gateway-0021,211,2026-06-04 05:57:49.411454
705,0.723395669066623,0,299573228,production,payment_service-4401,209,2026-06-04 05:58:49.411454
706,0.10419687251691925,0,556487625,staging,api_gateway-0021,171,2026-06-04 05:59:49.411454
707,0.3093746401857644,0,652658934,staging,payment_service-0041,187,2026-06-04 06:00:49.411454
708,0.46034141260302514,0,315065157,staging,payment_service-0041,35,2026-06-04 06:01:49.411454
709,0.838649197031006,0,277503164,production,payment_service-4401,110,2026-06-04 06:02:49.411454
710,0.46806466404258834,0,323647843,production,api_gateway-3301,218,2026-06-04 06:03:49.411454
711,0.9030789685306744,0,363045644,production,payment_service-4401,130,2026-06-04 06:04:49.411454
712,0.7774250854021326,0,483055894,staging,payment_service-0041,99,2026-06-04 06:05:49.411454
713,0.7772948873706924,0,302028952,production,api_gateway-3301,47,2026-06-04 06:06:49.411454
714,0.21120509345913896,0,715413419,production,payment_service-4401,284,2026-06-04 06:07:49.411454
715,0.6501254146435274,4,528726875,staging,payment_service-0041,219,2026-06-04 06:08:49.411454
716,0.7781321785265397,4,631772482,staging,payment_service-0041,177,2026-06-04 06:09:49.411454
717,0.05696305771743968,0,552866570,production,api_gateway-3301,46,2026-06-04 06:10:49.411454
718,0.18707038581101076,3,418278408,production,payment_service-4401,231,2026-06-04 06:11:49.411454
719,0.7175420777867918,0,292734433,production,api_gateway-3301,95,2026-06-04 06:12:49.411454
720,0.749348741730742,1,393818189,staging,payment_service-0041,25,2026-06-04 06:13:49.411454
721,0.07521319870711787,0,409216360,staging,payment_service-0041,295,2026-06-04 06:14:49.411454
722,0.2708420123968051,2,557403666,staging,api_gateway-0021,70,2026-06-04 06:15:49.411454
723,0.42411316897323165,0,424519666,production,payment_service-4401,149,2026-06-04 06:16:49.411454
724,0.22779978623090552,0,787166357,staging,api_gateway-0021,48,2026-06-04 06:17:49.411454
725,0.17363814955978457,1,272072778,staging,payment_service-0041,57,2026-06-04 06:18:49.411454
726,0.06704553262114515,0,327899594,staging,api_gateway-0021,235,2026-06-04 06:19:49.411454
727,0.7944850950452543,0,384165147,production,api_gateway-3301,94,2026-06-04 06:20:49.411454
728,0.15993260880955684,0,269855421,staging,api_gateway-0021,139,2026-06-04 06:21:49.411454
729,0.20818269481750284,0,688838819,staging,api_gateway-0021,285,2026-06-04 06:22:49.411454
730,0.32417465788991623,0,775825670,production,payment_service-4401,174,2026-06-04 06:23:49.411454
731,0.7503944177648073,0,313784110,production,api_gateway-3301,51,2026-06-04 06:24:49.411454
732,0.5713691708636924,0,410669337,staging,api_gateway-0021,263,2026-06-04 06:25:49.411454
733,0.37396694791495827,0,593863879,production,payment_service-4401,210,2026-06-04 06:26:49.411454
734,0.8510061040491294,0,646625747,production,payment_service-4401,252,2026-06-04 06:27:49.411454
735,0.916402846317744,0,274853559,production,api_gateway-3301,219,2026-06-04 06:28:49.411454
736,0.8635754738698092,0,710805297,production,api_gateway-3301,149,2026-06-04 06:29:49.411454
737,0.31270567414861156,0,648249887,staging,payment_service-0041,48,2026-06-04 06:30:49.411454
738,0.31168710304203756,0,510806580,staging,api_gateway-0021,169,2026-06-04 06:31:49.411454
739,0.25983835745397804,0,358081764,production,api_gateway-3301,211,2026-06-04 06:32:49.411454
740,0.08434343981318204,0,792357010,staging,payment_service-0041,110,2026-06-04 06:33:49.411454
741,0.7575640863676221,0,335730041,production,api_gateway-3301,105,2026-06-04 06:34:49.411454
742,0.277076309212161,2,593815135,staging,api_gateway-0021,199,2026-06-04 06:35:49.411454
743,0.658275963801876,0,337250094,production,api_gateway-3301,133,2026-06-04 06:36:49.411454
744,0.14840193820086678,0,352254900,production,payment_service-4401,235,2026-06-04 06:37:49.411454
745,0.49047729483990504,0,487415954,staging,api_gateway-0021,221,2026-06-04 06:38:49.411454
746,0.722946337929589,0,618962341,staging,api_gateway-0021,138,2026-06-04 06:39:49.411454
747,0.41816994206165126,0,683926672,production,payment_service-4401,100,2026-06-04 06:40:49.411454
748,0.3610472335885215,0,755566164,staging,api_gateway-0021,31,2026-06-04 06:41:49.411454
749,0.3154950948508271,2,732773195,production,payment_service-4401,252,2026-06-04 06:42:49.411454
750,0.5836072742312333,3,304399305,staging,api_gateway-0021,43,2026-06-04 06:43:49.411454
751,0.49160510145687747,0,638924733,staging,api_gateway-0021,3,2026-06-04 06:44:49.411454
752,0.8195363495636814,0,668047507,production,api_gateway-3301,168,2026-06-04 06:45:49.411454
753,0.7746683228711359,0,699475751,staging,api_gateway-0021,110,2026-06-04 06:46:49.411454
754,0.11685818799043947,0,297141702,production,api_gateway-3301,262,2026-06-04 06:47:49.411454
755,0.6274296075252074,0,713722010,staging,api_gateway-0021,75,2026-06-04 06:48:49.411454
756,0.22260566202367715,0,469297016,production,api_gateway-3301,294,2026-06-04 06:49:49.411454
757,0.9063496649555861,0,286465630,production,payment_service-4401,157,2026-06-04 06:50:49.411454
758,0.12040582048122088,0,546721938,staging,payment_service-0041,123,2026-06-04 06:51:49.411454
759,0.6919217034179588,0,364837131,production,api_gateway-3301,16,2026-06-04 06:52:49.411454
760,0.6259086597435619,0,397861036,staging,api_gateway-0021,193,2026-06-04 06:53:49.411454
761,0.07553118587470403,0,780780320,staging,payment_service-0041,258,2026-06-04 06:54:49.411454
762,0.18954895596837512,4,572675737,staging,payment_service-0041,36,2026-06-04 06:55:49.411454
763,0.9268737017498982,0,286068817,staging,payment_service-0041,199,2026-06-04 06:56:49.411454
764,0.793543872494033,0,362571919,production,payment_service-4401,160,2026-06-04 06:57:49.411454
765,0.7488037808455078,0,509137776,staging,api_gateway-0021,231,2026-06-04 06:58:49.411454
766,0.5253476291915707,0,600377411,staging,payment_service-0041,85,2026-06-04 06:59:49.411454
767,0.07378262689363363,0,746036756,staging,api_gateway-0021,32,2026-06-04 07:00:49.411454
768,0.8659666433650915,1,736833838,production,api_gateway-3301,43,2026-06-04 07:01:49.411454
769,0.7510784051903451,0,527445827,staging,payment_service-0041,236,2026-06-04 07:02:49.411454
770,0.7377359727512918,0,622729122,staging,api_gateway-0021,280,2026-06-04 07:03:49.411454
771,0.6199979473484426,0,541518416,production,payment_service-4401,18,2026-06-04 07:04:49.411454
772,0.07028412172082021,0,477245546,staging,payment_service-0041,61,2026-06-04 07:05:49.411454
773,0.12274307635622339,0,490408710,staging,payment_service-0041,180,2026-06-04 07:06:49.411454
774,0.9474544573655294,0,578433954,staging,api_gateway-0021,240,2026-06-04 07:07:49.411454
775,0.7264300792926058,0,599376391,production,payment_service-4401,7,2026-06-04 07:08:49.411454
776,0.5180247768492194,2,326920796,staging,api_gateway-0021,281,2026-06-04 07:09:49.411454
777,0.8338550945046163,0,275154606,production,payment_service-4401,131,2026-06-04 07:10:49.411454
778,0.4883959311975562,2,448009198,production,payment_service-4401,191,2026-06-04 07:11:49.411454
779,0.0939891952609705,0,518305991,production,api_gateway-3301,65,2026-06-04 07:12:49.411454
780,0.28459749778638627,2,636492507,production,payment_service-4401,240,2026-06-04 07:13:49.411454
781,0.32323458437163693,0,535049261,staging,payment_service-0041,83,2026-06-04 07:14:49.411454
782,0.7106379689257128,0,546797384,production,payment_service-4401,283,2026-06-04 07:15:49.411454
783,0.23191941280108508,0,561641749,production,api_gateway-3301,38,2026-06-04 07:16:49.411454
784,0.4381186493490585,0,400184565,production,payment_service-4401,86,2026-06-04 07:17:49.411454
785,0.6166594132415422,0,396802614,production,payment_service-4401,201,2026-06-04 07:18:49.411454
786,0.2552929986107459,0,698161443,production,payment_service-4401,190,2026-06-04 07:19:49.411454
787,0.48901739890767226,0,662565906,staging,payment_service-0041,238,2026-06-04 07:20:49.411454
788,0.47242677774703157,0,743855049,production,payment_service-4401,200,2026-06-04 07:21:49.411454
789,0.6703965659619261,0,530790549,staging,api_gateway-0021,253,2026-06-04 07:22:49.411454
790,0.41389128400826314,0,352456014,staging,payment_service-0041,187,2026-06-04 07:23:19.318820
791,0.8657359253604673,0,368743208,staging,payment_service-0041,6,2026-06-04 07:23:22.308091
792,0.3056317900240315,0,516201678,production,api_gateway-3301,269,2026-06-04 07:23:25.304868
793,0.48976765227432145,0,717891013,staging,payment_service-0041,257,2026-06-04 07:23:28.319044
794,0.47393339894262143,0,595171583,staging,payment_service-0041,109,2026-06-04 07:23:31.311045
795,0.5539615115229856,0,691602930,staging,api_gateway-0021,229,2026-06-04 07:23:34.306593
796,0.4790952156981365,0,560118085,production,api_gateway-3301,42,2026-06-04 07:23:37.314488
797,0.19820436633544936,2,575506843,staging,api_gateway-0021,21,2026-06-04 07:23:40.312312
798,0.107288366792717,0,274145526,production,payment_service-4401,146,2026-06-04 07:23:43.316053
799,0.2575012944214522,0,580323972,production,payment_service-4401,50,2026-06-04 07:23:46.305333
800,0.41972744190266914,0,481408287,production,api_gateway-3301,122,2026-06-04 07:23:49.307063
801,0.6891020977694086,0,789324391,staging,payment_service-0041,60,2026-06-04 07:23:52.310425
802,0.408610002754286,0,533814507,staging,api_gateway-0021,262,2026-06-04 07:23:55.319039
803,0.6761418560795822,0,645090616,staging,api_gateway-0021,295,2026-06-04 07:23:58.316861
804,0.4044177608144104,0,459693316,production,api_gateway-3301,215,2026-06-04 07:24:01.319009
805,0.24828531804018555,0,551603169,production,api_gateway-3301,147,2026-06-04 07:24:04.314449
806,0.7833492116672188,0,397137530,staging,payment_service-0041,239,2026-06-04 07:24:07.308902
807,0.7093758586336952,0,470913838,production,api_gateway-3301,110,2026-06-04 07:24:10.312017
808,0.9001581884767218,4,473517522,staging,payment_service-0041,45,2026-06-04 07:24:13.312592
809,0.8946154980701537,0,459714898,production,api_gateway-3301,228,2026-06-04 07:24:16.308852
810,0.6471680671924008,0,722845091,staging,payment_service-0041,251,2026-06-04 07:24:19.309997
811,0.05801973953150032,3,789746651,production,payment_service-4401,148,2026-06-04 07:24:22.312968
812,0.5095502452532514,0,452886660,staging,payment_service-0041,277,2026-06-04 07:24:25.316892
813,0.607373315939215,0,513149032,production,api_gateway-3301,274,2026-06-04 07:24:28.307459
814,0.09276670097733147,0,716553205,production,payment_service-4401,2,2026-06-04 07:24:31.313838
815,0.2574084907713966,1,496506993,production,payment_service-4401,193,2026-06-04 07:24:34.313771
816,0.8006652963150573,4,636684158,production,api_gateway-3301,295,2026-06-04 07:24:37.317909
817,0.863891079291273,0,679826558,staging,payment_service-0041,286,2026-06-04 07:24:40.314345
818,0.38930058559178454,0,475588010,production,payment_service-4401,90,2026-06-04 05:26:19.475314
819,0.18382862444204923,0,595495369,production,api_gateway-3301,85,2026-06-04 05:27:19.475314
820,0.4440857604071034,3,773463025,staging,payment_service-0041,46,2026-06-04 05:28:19.475314
821,0.37052289875648053,0,567627507,production,api_gateway-3301,256,2026-06-04 05:29:19.475314
822,0.13503128859607974,1,546629915,staging,payment_service-0041,264,2026-06-04 05:30:19.475314
823,0.4811873936856872,0,570085094,staging,payment_service-0041,5,2026-06-04 05:31:19.475314
824,0.8994988161112071,0,368817629,staging,payment_service-0041,213,2026-06-04 05:32:19.475314
825,0.8935661380841394,0,394040118,production,api_gateway-3301,122,2026-06-04 05:33:19.475314
826,0.20391885823023892,0,630831685,production,api_gateway-3301,256,2026-06-04 05:34:19.475314
827,0.778730798765291,0,748497270,production,api_gateway-3301,211,2026-06-04 05:35:19.475314
828,0.326792164448541,0,414204276,production,api_gateway-3301,260,2026-06-04 05:36:19.475314
829,0.14878463178045773,3,712157850,production,payment_service-4401,254,2026-06-04 05:37:19.475314
830,0.3149659494016926,0,375761211,production,payment_service-4401,61,2026-06-04 05:38:19.475314
831,0.3673466074064938,0,689881476,staging,api_gateway-0021,217,2026-06-04 05:39:19.475314
832,0.23834637657921742,0,771796874,staging,payment_service-0041,228,2026-06-04 05:40:19.475314
833,0.8131984144659811,0,390557078,production,payment_service-4401,242,2026-06-04 05:41:19.475314
834,0.3117731943683652,0,378901084,production,payment_service-4401,141,2026-06-04 05:42:19.475314
835,0.6098459709909837,0,736553282,production,api_gateway-3301,253,2026-06-04 05:43:19.475314
836,0.2864894005035459,0,501530881,staging,payment_service-0041,38,2026-06-04 05:44:19.475314
837,0.31387390181713026,0,428835608,production,api_gateway-3301,116,2026-06-04 05:45:19.475314
838,0.4685899809559656,0,364195703,production,payment_service-4401,91,2026-06-04 05:46:19.475314
839,0.7639347367446709,0,684031398,staging,api_gateway-0021,274,2026-06-04 05:47:19.475314
840,0.22940802353245648,0,470173680,staging,payment_service-0041,84,2026-06-04 05:48:19.475314
841,0.5488195667598115,1,275102504,staging,payment_service-0041,170,2026-06-04 05:49:19.475314
842,0.6463830825716343,0,579554419,staging,payment_service-0041,138,2026-06-04 05:50:19.475314
843,0.25535421851931367,0,423885701,production,payment_service-4401,74,2026-06-04 05:51:19.475314
844,0.9079677073250982,0,338464277,staging,payment_service-0041,120,2026-06-04 05:52:19.475314
845,0.5754617163802379,1,284026010,staging,payment_service-0041,161,2026-06-04 05:53:19.475314
846,0.17771952692484783,0,386121566,staging,payment_service-0041,237,2026-06-04 05:54:19.475314
847,0.8895342561711038,0,549895278,staging,payment_service-0041,218,2026-06-04 05:55:19.475314
848,0.8050139410482388,4,277051033,production,api_gateway-3301,94,2026-06-04 05:56:19.475314
849,0.1350844091460338,0,696385586,staging,payment_service-0041,62,2026-06-04 05:57:19.475314
850,0.5742757263667868,0,300732848,production,api_gateway-3301,232,2026-06-04 05:58:19.475314
851,0.21343733065595527,0,427726327,production,api_gateway-3301,26,2026-06-04 05:59:19.475314
852,0.537222458401574,0,365536217,production,api_gateway-3301,183,2026-06-04 06:00:19.475314
853,0.7288934377770521,0,670692038,production,api_gateway-3301,19,2026-06-04 06:01:19.475314
854,0.3440566376656865,0,629638464,staging,api_gateway-0021,39,2026-06-04 06:02:19.475314
855,0.715638176987626,0,520328254,production,payment_service-4401,155,2026-06-04 06:03:19.475314
856,0.7221093858728852,0,433296823,staging,api_gateway-0021,110,2026-06-04 06:04:19.475314
857,0.13118178850885417,0,720582944,staging,payment_service-0041,258,2026-06-04 06:05:19.475314
858,0.4672943217905908,3,444371548,staging,api_gateway-0021,131,2026-06-04 06:06:19.475314
859,0.24963765487528844,0,304097128,production,payment_service-4401,134,2026-06-04 06:07:19.475314
860,0.11865321501745457,0,390138910,staging,payment_service-0041,114,2026-06-04 06:08:19.475314
861,0.9099869628337057,0,452322818,staging,api_gateway-0021,82,2026-06-04 06:09:19.475314
862,0.6249599876039724,0,471256832,staging,api_gateway-0021,293,2026-06-04 06:10:19.475314
863,0.6049776575676861,0,416907399,production,payment_service-4401,117,2026-06-04 06:11:19.475314
864,0.4149124082174433,0,287301853,production,api_gateway-3301,244,2026-06-04 06:12:19.475314
865,0.5499345680858497,0,774985902,staging,api_gateway-0021,124,2026-06-04 06:13:19.475314
866,0.7275927626537089,0,402228939,production,payment_service-4401,176,2026-06-04 06:14:19.475314
867,0.05111506847431563,0,274087376,production,payment_service-4401,126,2026-06-04 06:15:19.475314
868,0.4821470206214314,0,321342445,staging,api_gateway-0021,111,2026-06-04 06:16:19.475314
869,0.32303043022582295,3,561380585,staging,payment_service-0041,104,2026-06-04 06:17:19.475314
870,0.6402634733784733,3,288984969,production,api_gateway-3301,94,2026-06-04 06:18:19.475314
871,0.8877469824811876,0,797335875,staging,payment_service-0041,273,2026-06-04 06:19:19.475314
872,0.05182132444947073,0,680992441,production,payment_service-4401,230,2026-06-04 06:20:19.475314
873,0.13172256564197526,4,271551720,staging,payment_service-0041,56,2026-06-04 06:21:19.475314
874,0.8837896601383027,0,330174278,staging,api_gateway-0021,67,2026-06-04 06:22:19.475314
875,0.1430166807264271,1,289265469,staging,payment_service-0041,121,2026-06-04 06:23:19.475314
876,0.5983437728377331,0,578477116,production,payment_service-4401,179,2026-06-04 06:24:19.475314
877,0.2837167898067309,0,422266685,staging,api_gateway-0021,270,2026-06-04 06:25:19.475314
878,0.8711391181730649,1,520349892,staging,api_gateway-0021,184,2026-06-04 06:26:19.475314
879,0.6828907878464269,2,673425542,production,payment_service-4401,50,2026-06-04 06:27:19.475314
880,0.10713015259384392,0,659909634,production,api_gateway-3301,121,2026-06-04 06:28:19.475314
881,0.15555940702458124,0,331893795,production,api_gateway-3301,278,2026-06-04 06:29:19.475314
882,0.6674770487852576,0,609565064,production,payment_service-4401,12,2026-06-04 06:30:19.475314
883,0.5386966865709081,0,268960046,staging,api_gateway-0021,155,2026-06-04 06:31:19.475314
884,0.1756440445897472,0,641685952,production,payment_service-4401,238,2026-06-04 06:32:19.475314
885,0.5442153283856516,0,485506511,staging,api_gateway-0021,287,2026-06-04 06:33:19.475314
886,0.7511442897704587,0,417070756,staging,api_gateway-0021,172,2026-06-04 06:34:19.475314
887,0.4358507886232295,0,719828770,production,payment_service-4401,19,2026-06-04 06:35:19.475314
888,0.7492624831161183,0,349586302,staging,api_gateway-0021,246,2026-06-04 06:36:19.475314
889,0.7140054102236814,0,497613283,staging,api_gateway-0021,283,2026-06-04 06:37:19.475314
890,0.6210479616277677,0,487456523,production,api_gateway-3301,159,2026-06-04 06:38:19.475314
891,0.46795292250850185,0,617325335,production,api_gateway-3301,156,2026-06-04 06:39:19.475314
892,0.18028335640107845,0,592392877,production,api_gateway-3301,128,2026-06-04 06:40:19.475314
893,0.8064190615682473,0,523255156,staging,payment_service-0041,202,2026-06-04 06:41:19.475314
894,0.15454848428070672,4,742269545,staging,api_gateway-0021,98,2026-06-04 06:42:19.475314
895,0.26027443705108416,0,727110668,production,api_gateway-3301,58,2026-06-04 06:43:19.475314
896,0.6032065057174345,0,564905549,staging,api_gateway-0021,183,2026-06-04 06:44:19.475314
897,0.2154405364679436,0,389319198,production,payment_service-4401,148,2026-06-04 06:45:19.475314
898,0.7341850993756743,0,346013634,staging,api_gateway-0021,95,2026-06-04 06:46:19.475314
899,0.8913844637377165,1,392342907,production,api_gateway-3301,138,2026-06-04 06:47:19.475314
900,0.7729081911801842,0,418742731,staging,api_gateway-0021,128,2026-06-04 06:48:19.475314
901,0.5028755519602852,0,292891645,staging,payment_service-0041,22,2026-06-04 06:49:19.475314
902,0.6299900063987166,0,412178557,production,payment_service-4401,67,2026-06-04 06:50:19.475314
903,0.35033732673446194,0,299274565,production,payment_service-4401,123,2026-06-04 06:51:19.475314
904,0.5513325880197015,0,400621510,production,payment_service-4401,4,2026-06-04 06:52:19.475314
905,0.08640512445279966,0,569548752,production,api_gateway-3301,245,2026-06-04 06:53:19.475314
906,0.7498579161966445,0,785483775,production,api_gateway-3301,152,2026-06-04 06:54:19.475314
907,0.7570919102709066,0,508894460,staging,payment_service-0041,33,2026-06-04 06:55:19.475314
908,0.5838007653915089,0,673401044,staging,api_gateway-0021,284,2026-06-04 06:56:19.475314
909,0.8155144196968354,0,777893368,staging,api_gateway-0021,172,2026-06-04 06:57:19.475314
910,0.2678270072832055,0,788876443,production,api_gateway-3301,248,2026-06-04 06:58:19.475314
911,0.8926132789364396,1,423961597,staging,api_gateway-0021,226,2026-06-04 06:59:19.475314
912,0.24545954994530272,0,490948560,staging,api_gateway-0021,96,2026-06-04 07:00:19.475314
913,0.6027338681432676,0,274887804,staging,payment_service-0041,207,2026-06-04 07:01:19.475314
914,0.563429413315952,0,587502923,staging,api_gateway-0021,183,2026-06-04 07:02:19.475314
915,0.8602331678921418,0,477172481,staging,api_gateway-0021,248,2026-06-04 07:03:19.475314
916,0.8311177879859533,3,590285811,production,api_gateway-3301,294,2026-06-04 07:04:19.475314
917,0.8230126127217496,0,362974446,staging,api_gateway-0021,59,2026-06-04 07:05:19.475314
918,0.949435722288528,0,551132063,staging,api_gateway-0021,85,2026-06-04 07:06:19.475314
919,0.5897185090725758,0,464647327,staging,api_gateway-0021,58,2026-06-04 07:07:19.475314
920,0.2489830064572241,0,600244933,production,api_gateway-3301,28,2026-06-04 07:08:19.475314
921,0.07381002211952722,0,721489855,staging,payment_service-0041,87,2026-06-04 07:09:19.475314
922,0.6902062006881925,3,632753073,staging,payment_service-0041,234,2026-06-04 07:10:19.475314
923,0.6432538737756027,0,370687043,staging,api_gateway-0021,228,2026-06-04 07:11:19.475314
924,0.2720270937986243,0,502795344,production,payment_service-4401,40,2026-06-04 07:12:19.475314
925,0.34990122090013714,0,698975869,staging,payment_service-0041,225,2026-06-04 07:13:19.475314
926,0.2406880263761998,0,507790214,staging,payment_service-0041,78,2026-06-04 07:14:19.475314
927,0.40341545394600353,1,626361288,production,payment_service-4401,286,2026-06-04 07:15:19.475314
928,0.06902140601457148,4,504722654,production,payment_service-4401,291,2026-06-04 07:16:19.475314
929,0.10311520507718919,0,547969869,production,api_gateway-3301,95,2026-06-04 07:17:19.475314
930,0.7750599986092122,0,762629919,production,api_gateway-3301,11,2026-06-04 07:18:19.475314
931,0.5192619734306808,0,518358658,production,payment_service-4401,99,2026-06-04 07:19:19.475314
932,0.874434082331787,0,632854786,production,api_gateway-3301,42,2026-06-04 07:20:19.475314
933,0.22838352588319355,0,386589778,staging,api_gateway-0021,140,2026-06-04 07:21:19.475314
934,0.3165785430442296,0,643130561,staging,payment_service-0041,142,2026-06-04 07:22:19.475314
935,0.2475011424108821,0,689542084,staging,payment_service-0041,1,2026-06-04 07:23:19.475314
936,0.22880908680051015,0,605955057,staging,api_gateway-0021,170,2026-06-04 07:24:19.475314
937,0.0631132714860676,0,801848676,staging,payment_service-0041,53,2026-06-04 07:25:19.475314
938,0.7574337452131904,0,425345767,staging,payment_service-0041,131,2026-06-04 07:26:19.475314
939,0.8305788216247999,0,708577905,staging,payment_service-0041,107,2026-06-01 15:02:03.111432
940,0.3045670049547907,0,801084455,production,payment_service-4401,45,2026-05-25 15:37:42.111432
941,0.37910585556404536,0,774712253,staging,payment_service-0041,122,2026-05-22 07:12:22.111432
942,0.10801217174242134,0,497188934,production,api_gateway-3301,226,2026-07-03 23:06:22.111432
943,0.35133731399018264,3,737127574,staging,payment_service-0041,249,2026-06-15 03:35:32.111432
944,0.3108704089367673,0,334543416,production,api_gateway-3301,59,2026-05-28 14:46:12.111432
945,0.3023145460103349,2,381968809,production,payment_service-4401,44,2026-07-02 01:07:56.111432
946,0.4596928166351786,0,340402385,production,api_gateway-3301,97,2026-06-01 08:08:33.111432
947,0.6550757585346839,0,325468239,production,payment_service-4401,190,2026-06-15 14:22:43.111432
948,0.0723773678358382,0,657645770,production,payment_service-4401,86,2026-05-30 16:32:47.111432
949,0.13042902707691056,0,765105854,production,api_gateway-3301,59,2026-05-10 23:17:15.111432
950,0.141911896609835,0,503635257,production,api_gateway-3301,54,2026-05-21 19:55:36.111432
951,0.6600025080385882,0,646331947,production,api_gateway-3301,89,2026-06-11 23:38:22.111432
952,0.8172904429791449,0,799094574,staging,api_gateway-0021,177,2026-06-11 07:44:15.111432
953,0.29591358608652124,0,352642856,production,payment_service-4401,218,2026-06-30 20:53:31.111432
954,0.7777372936418447,0,592620457,production,payment_service-4401,134,2026-06-22 09:14:09.111432
955,0.35605538050465974,0,418122659,production,payment_service-4401,124,2026-06-15 22:45:07.111432
956,0.5271711864431553,0,320944090,production,api_gateway-3301,181,2026-05-11 01:54:59.111432
957,0.40714955417369736,0,479418137,staging,api_gateway-0021,233,2026-06-21 12:11:52.111432
958,0.7122715457140856,0,760771524,production,api_gateway-3301,87,2026-07-04 13:22:11.111432
959,0.6568163322197212,0,360144500,staging,api_gateway-0021,65,2026-06-12 14:52:04.111432
960,0.4679165689395527,0,427389867,production,payment_service-4401,176,2026-05-29 21:30:20.111432
961,0.6812219201660906,0,568507626,production,api_gateway-3301,280,2026-05-18 14:04:59.111432
962,0.6560946213286836,0,317954054,staging,payment_service-0041,7,2026-06-28 22:48:05.111432
963,0.05436626710677023,0,590685240,staging,api_gateway-0021,68,2026-06-13 10:04:59.111432
964,0.14413233775612583,0,301584798,staging,payment_service-0041,0,2026-05-06 17:53:09.111432
965,0.2776366647154238,0,537055098,production,api_gateway-3301,288,2026-05-30 23:14:52.111432
966,0.8097562976378941,4,367589401,staging,api_gateway-0021,71,2026-05-23 18:37:41.111432
967,0.1050545351730853,0,516077081,staging,api_gateway-0021,281,2026-06-10 09:13:43.111432
968,0.6476752736233716,0,720619144,staging,payment_service-0041,82,2026-06-27 06:24:44.111432
969,0.47817567803026206,0,677912646,staging,payment_service-0041,173,2026-06-27 20:27:57.111432
970,0.3851990360255231,0,789299460,staging,payment_service-0041,103,2026-06-18 04:21:48.111432
971,0.8441606423858097,3,318535318,staging,api_gateway-0021,116,2026-05-23 17:47:03.111432
972,0.7275521200295179,2,729226444,production,api_gateway-3301,8,2026-05-12 17:05:24.111432
973,0.6769819222823257,0,633588305,production,payment_service-4401,112,2026-05-22 20:51:18.111432
974,0.2584148796877548,0,417475679,production,api_gateway-3301,76,2026-05-07 18:29:38.111432
975,0.7328256830473138,4,783778513,production,api_gateway-3301,127,2026-05-07 17:05:34.111432
976,0.14126351839315887,0,383376988,staging,payment_service-0041,255,2026-05-11 04:41:54.111432
977,0.5227386567476445,1,625984594,production,api_gateway-3301,218,2026-05-16 04:23:36.111432
978,0.08191837148338613,0,768551384,production,payment_service-4401,214,2026-06-18 01:02:36.111432
979,0.941178082384249,0,553724210,production,payment_service-4401,182,2026-05-22 00:23:27.111432
980,0.7762118606850158,0,294546929,production,payment_service-4401,148,2026-05-15 11:46:28.111432
981,0.8335408989686655,0,742340286,production,payment_service-4401,41,2026-06-05 05:51:04.111432
982,0.28134039804173616,0,680394591,production,payment_service-4401,32,2026-05-28 11:47:19.111432
983,0.7152133282885373,0,707031693,staging,payment_service-0041,285,2026-05-13 05:12:14.111432
984,0.08627539772430812,0,292302562,production,payment_service-4401,106,2026-05-29 11:25:18.111432
985,0.8987221820364195,3,448447295,production,api_gateway-3301,72,2026-06-14 20:10:31.111432
986,0.26005610578193344,0,488310448,staging,api_gateway-0021,245,2026-05-29 09:51:26.111432
987,0.8371545946321073,0,504493371,production,api_gateway-3301,223,2026-06-10 23:16:39.111432
988,0.9312095868770665,0,362736237,production,payment_service-4401,117,2026-07-01 19:32:26.111432
989,0.23905906526523069,0,738549094,production,payment_service-4401,97,2026-05-29 22:08:12.111432
990,0.7478740745497394,0,781214976,staging,payment_service-0041,29,2026-06-26 13:46:29.111432
991,0.23219110489683248,0,661709174,production,api_gateway-3301,258,2026-06-01 20:05:29.111432
992,0.5476115028378061,0,627273454,staging,payment_service-0041,38,2026-07-01 03:10:51.111432
993,0.4559951043375672,0,646884676,staging,payment_service-0041,128,2026-05-25 14:04:06.111432
994,0.12726118974001677,0,741971257,production,api_gateway-3301,140,2026-05-06 14:56:50.111432
995,0.7970314730547574,0,387587394,production,payment_service-4401,244,2026-06-29 07:39:01.111432
996,0.6812027214943522,0,685689914,production,payment_service-4401,52,2026-05-09 17:42:39.111432
997,0.6894601010776921,4,404889927,staging,api_gateway-0021,219,2026-07-02 05:50:06.111432
998,0.5900573238436387,3,613993068,staging,api_gateway-0021,179,2026-07-03 18:50:37.111432
999,0.0957015407381406,0,654393768,staging,payment_service-0041,100,2026-05-24 00:51:00.111432
1000,0.7966823310521236,0,797786184,staging,payment_service-0041,169,2026-05-19 00:11:34.111432
1001,0.9224519079257992,0,617131913,production,api_gateway-3301,257,2026-07-03 09:04:49.111432
1002,0.8345117645599082,4,742336355,staging,payment_service-0041,8,2026-05-29 01:25:53.111432
1003,0.6506602346004912,0,486780549,staging,payment_service-0041,56,2026-05-20 21:08:19.111432
1004,0.1873049284054369,0,514148542,production,payment_service-4401,32,2026-05-16 05:16:16.111432
1005,0.35761738424807515,0,793347228,staging,payment_service-0041,174,2026-05-16 11:24:57.111432
1006,0.12576659445552527,0,578383376,production,payment_service-4401,104,2026-05-25 12:37:47.111432
1007,0.3344714377229826,0,575173978,staging,payment_service-0041,110,2026-05-07 08:24:45.111432
1008,0.492471873032289,0,535216920,staging,api_gateway-0021,97,2026-06-15 16:16:53.111432
1009,0.8532369497006114,2,458886514,production,api_gateway-3301,183,2026-06-11 09:49:29.111432
1010,0.7151468991743056,0,672723755,production,payment_service-4401,162,2026-06-10 19:22:38.111432
1011,0.13633289601559767,0,653989938,production,payment_service-4401,133,2026-05-29 10:28:37.111432
1012,0.22356633388168978,0,344673923,production,payment_service-4401,194,2026-07-02 04:04:45.111432
1013,0.26660452757864495,0,665596478,staging,payment_service-0041,145,2026-06-19 08:58:05.111432
1014,0.38625148413295146,0,460579792,staging,api_gateway-0021,259,2026-06-17 09:41:36.111432
1015,0.5615219305218256,0,487161167,production,payment_service-4401,77,2026-07-03 19:25:23.111432
1016,0.34585919440067153,0,320876476,staging,payment_service-0041,38,2026-06-30 20:05:17.111432
1017,0.3887314448170236,3,390542327,production,api_gateway-3301,23,2026-05-19 18:49:44.111432
1018,0.28065656443880627,0,669462077,production,payment_service-4401,120,2026-06-27 11:32:20.111432
1019,0.5013229764001954,0,530605237,staging,payment_service-0041,145,2026-06-02 10:14:25.111432
1020,0.057088612779612524,0,280795921,staging,payment_service-0041,291,2026-05-25 17:05:06.111432
1021,0.5389601418499766,0,357201309,staging,payment_service-0041,290,2026-06-01 15:06:12.111432
1022,0.09520575011620704,0,294790843,staging,api_gateway-0021,261,2026-06-06 05:39:12.111432
1023,0.6514523785844443,0,598036566,staging,payment_service-0041,267,2026-05-19 13:52:17.111432
1024,0.6753023533579989,0,583492184,production,payment_service-4401,234,2026-05-15 11:26:15.111432
1025,0.1910348946944777,0,636056208,staging,payment_service-0041,145,2026-07-01 19:18:55.111432
1026,0.891173131080922,1,716003946,production,payment_service-4401,4,2026-06-06 13:58:26.111432
1027,0.16115258895014342,0,628683971,production,api_gateway-3301,226,2026-07-03 16:51:52.111432
1028,0.8909751826775989,1,745710271,staging,api_gateway-0021,35,2026-06-11 20:23:07.111432
1029,0.32963572418996423,4,504678419,production,api_gateway-3301,175,2026-06-24 06:07:20.111432
1030,0.7731099234535525,0,292384589,staging,api_gateway-0021,213,2026-06-12 03:56:34.111432
1031,0.08880467989242807,0,660695231,staging,api_gateway-0021,230,2026-06-16 13:25:06.111432
1032,0.629493925856559,0,397432097,production,api_gateway-3301,182,2026-05-12 01:18:37.111432
1033,0.15084441126775464,0,579797668,production,payment_service-4401,261,2026-06-18 17:50:08.111432
1034,0.7001442424335931,0,276186416,staging,payment_service-0041,95,2026-06-12 08:23:27.111432
1035,0.4648888326510627,0,449359509,staging,payment_service-0041,243,2026-06-01 15:56:48.111432
1036,0.19459206306334498,0,664214469,production,api_gateway-3301,21,2026-06-06 04:50:14.111432
1037,0.7014368628423068,0,281540481,staging,payment_service-0041,42,2026-05-07 00:09:36.111432
1038,0.7096173608069097,0,410921217,staging,api_gateway-0021,279,2026-06-03 09:16:18.111432
1039,0.8886458098081679,0,449307867,staging,api_gateway-0021,260,2026-06-20 09:15:11.111432
1040,0.8474180108019874,0,318216613,staging,payment_service-0041,102,2026-05-26 03:59:40.111432
1041,0.07764067237131356,0,439940094,staging,payment_service-0041,79,2026-07-04 09:41:25.111432
1042,0.1690366480015316,0,409929988,production,api_gateway-3301,185,2026-05-22 05:36:16.111432
1043,0.5166810899500258,0,527422919,staging,payment_service-0041,200,2026-05-23 21:30:36.111432
1044,0.6884217029261083,0,462603514,staging,payment_service-0041,63,2026-06-29 21:24:06.111432
1045,0.0624584890580971,0,749202673,staging,api_gateway-0021,178,2026-06-11 19:22:28.111432
1046,0.3248599416811241,0,660442549,production,api_gateway-3301,254,2026-05-08 13:23:53.111432
1047,0.4448936341657294,0,778406419,production,payment_service-4401,20,2026-06-14 00:45:20.111432
1048,0.5619221165190146,2,480712432,staging,payment_service-0041,54,2026-06-29 15:41:56.111432
1049,0.8808998862546489,0,381535267,staging,api_gateway-0021,41,2026-07-03 13:52:07.111432
1050,0.07132294258104771,0,307993843,staging,api_gateway-0021,95,2026-06-16 15:28:52.111432
1051,0.8709190629670356,2,449446231,production,api_gateway-3301,25,2026-06-09 19:28:30.111432
1052,0.23395739004157234,0,414101561,production,api_gateway-3301,219,2026-05-26 01:47:07.111432
1053,0.7700706488649228,0,296685587,staging,api_gateway-0021,81,2026-06-14 11:19:26.111432
1054,0.5948385613490613,0,659663390,staging,api_gateway-0021,48,2026-06-04 11:55:52.111432
1055,0.8053911933182044,0,468420010,staging,api_gateway-0021,254,2026-06-11 08:00:49.111432
1056,0.5317881825410545,0,438876285,production,payment_service-4401,221,2026-05-23 10:17:28.111432
1057,0.3598610924237854,4,479329461,production,payment_service-4401,151,2026-06-28 05:51:35.111432
1058,0.20778848819315154,0,365293059,staging,payment_service-0041,254,2026-05-13 18:20:01.111432
1059,0.7301020378713778,0,699928738,production,api_gateway-3301,165,2026-05-12 04:31:08.111432
